و, 6338,
في, 3985,
من, 2621,
يا, 2213,
الله, 1696,
على, 1690,
ما, 1471,
ربي, 1265,
لا, 1251,
تونس, 825,
كان, 775,
كل, 700,
هه, 682,TN
هذا, 625,
والله, 594,
الي, 587,TN
برافو, 566,TN
انت, 490,
انا, 449,
عليك, 444,
ماسط, 442,TN
هو, 432,
مع, 422,
ان, 412,
فيه, 403,
معلم, 386,
ملا, 385,TN
باش, 382,TN
برشا, 359,TN
التونسي, 347,NE
علي, 344,
ولا, 342,
حتى, 331,
الناس, 325,
راك, 323,TN
موش, 307,TN
سامي, 288,NE
لطفي, 277,NE
علاء, 277,NE
كي, 274,"MSA,TN"
واحد, 271,
كيف, 266,"MSA,TN"
راجل, 264,TN
اما, 262,
عليه, 253,
معاك, 251,TN
اللي, 248,TN
مااسط, 243,TN
تافه, 242,
فيها, 242,
هي, 240,
خير, 238,
الكل, 237,
قناة, 231,
الى, 227,"MSA,TN"
ياسر, 224,TN
برنامج, 222,
الشعب, 220,
سي, 217,TN
شاء, 214,
الجزائر, 211,NE
مش, 209,TN
بن, 201,
هذه, 197,
البرنامج, 194,
ديما, 194,TN
عليكم, 193,
عن, 188,
بصراحة, 188,
فيك, 177,
عليها, 176,
مسلسل, 175,
ناس, 169,
كلام, 165,
لي, 164,
تحية, 164,
البلاد, 162,
اكثر, 160,
التونسية, 159,
لاسط, 159,TN
حاجة, 157,
شي, 157,
احسن, 156,
غير, 155,
متاع, 154,"MSA,TN"
جعفور, 154,NE
بالله, 154,
العار, 153,
الا, 153,
رجل, 151,
بربي, 150,"MSA,TN"
أن, 150,
انسان, 149,
لكن, 147,
عيب, 146,
بعد, 145,
واصل, 145,
وليد, 144,NE
منك, 144,
قلة, 143,
او, 142,
كلب, 141,
عندي, 140,
إلي, 140,"MSA,TN"
الحوار, 136,
تحكي, 135,
عام, 133,
لم, 133,
سيدي, 131,
علاش, 130,TN
روعة, 130,
الفهري, 129,NE
شكون, 129,TN
لك, 126,
يكون, 126,
كيما, 125,TN
حلقة, 125,
ولد, 125,
تعجبني, 125,
بين, 122,
سمير, 120,NE
شمس, 120,
فنان, 118,
طحان, 118,TN
كبير, 118,
روحك, 118,
تفوه, 115,
شيء, 115,
الصحة, 113,
فى, 112,
إلى, 112,"MSA,TN"
يعطيك, 111,
برشة, 110,TN
الفساد, 110,
يوسف, 110,NE
ي, 109,NOISE
شكرا, 109,
التي, 108,
عندو, 108,TN
جدا, 108,
تو, 107,TN
ا, 106,NOISE
خاطر, 105,TN
أحسن, 105,
قبل, 104,
تقول, 104,
ممثلة, 104,
تفووه, 103,TN
وانت, 103,
تونسي, 103,NE
شعب, 102,
احلى, 102,
تي, 101,TN
نوفل, 101,NE
منافق, 100,
قداش, 100,TN
اش, 100,TN
العيب, 99,
مرة, 99,
محلاها, 99,TN
برافوو, 99,TN
له, 98,
ها, 98,TN
هذي, 97,TN
م, 97,NOISE
علينا, 97,
وربي, 97,
حرام, 97,
أنا, 97,
انشاء, 97,"MSA,TN"
يوفقك, 97,
يحكي, 96,
محلاك, 96,TN
اكبر, 95,
ممسطو, 95,TN
راهو, 95,TN
عار, 94,
حد, 94,"MSA,TN"
الدنيا, 94,
شكيب, 94,NE
سامية, 94,NE
منحط, 93,
وحدك, 93,
الحق, 92,
فيكم, 92,
هكا, 91,TN
المسلسل, 91,
امين, 90,NE
مقداد, 90,NE
توا, 90,TN
أما, 90,
خاصة, 90,
متربي, 89,"MSA,TN"
صوت, 89,
الحلقة, 88,
الخير, 88,
عسل, 88,
ومن, 87,
الذي, 87,
فاشل, 86,
لعنة, 86,
اعلام, 86,
كريم, 86,
ﻭ, 86,NOISE
التوانسة, 85,TN
نحن, 85,
نحب, 85,
كنت, 85,
فوزي, 85,NE
هل, 84,
عليهم, 84,
برا, 84,TN
احنا, 84,TN
وما, 83,
روحو, 83,TN
بش, 83,TN
قال, 82,
وين, 82,TN
أكثر, 82,
لو, 82,
لكل, 82,
يعجبني, 82,
ياخي, 81,TN
اليوم, 81,
هاذي, 81,TN
عبو, 81,NE
فيهم, 80,
تربية, 79,
كلمة, 79,
الكلام, 78,
مستوى, 77,
عبد, 77,
أنت, 77,
يوم, 77,
نهار, 76,
ف, 76,NOISE
وقت, 76,
ماسطة, 76,TN
تحياتي, 76,
الحكومة, 76,
ة, 75,NOISE
لله, 75,
النهضة, 75,
ل, 74,NOISE
كامل, 73,
توفيق, 73,"NE,MSA"
الغربي, 73,"NE,MSA"
وعلى, 73,
بيه, 73,"NE,TN"
عند, 73,
رئيس, 73,
حياء, 72,
المرأة, 72,
مثل, 72,
رمضان, 72,NE
لازم, 72,
تكون, 72,
يرحم, 72,
ماشاء, 72,
وكل, 72,
كانت, 71,
مسخ, 71,TN
الكلمة, 71,
بلاد, 71,
زيد, 71,"NE,TN"
عندك, 71,
كبيرة, 71,
صحيح, 71,
وجيهة, 71,"NE,MSA"
إنسان, 70,
ليس, 70,
بكل, 70,
تعرف, 70,
اي, 70,
تحب, 70,
بالتوفيق, 70,
رجال, 70,
فنانة, 70,
القناة, 69,
باهي, 69,TN
تبارك, 69,
ممثل, 68,
نور, 68,"NE,MSA"
ب, 68,NOISE
الوكيل, 68,
امسط, 68,TN
نفس, 68,
الراجل, 68,TN
قلبي, 68,
تافهة, 68,
تعمل, 68,
كلاب, 67,
نحبك, 67,"MSA,TN"
فما, 67,"MSA,TN"
شيخ, 66,
انتي, 66,TN
تونسية, 66,NE
عندها, 66,
ه, 65,NOISE
ع, 65,NOISE
رب, 65,
منو, 65,TN
فقط, 65,
رغم, 65,
يبارك, 65,
خويا, 65,TN
وهو, 65,
زايد, 65,"NE,TN"
التلفزة, 64,
الرجال, 64,
موضوع, 64,
كيفاش, 64,TN
قد, 64,
نحبها, 64,"MSA,TN"
حلو, 63,
منها, 63,
والا, 63,
ﻓﻲ, 63,
انتم, 62,
رانا, 62,TN
أو, 62,
نتفرج, 62,"MSA,TN"
بية, 62,NE
قوة, 62,
ليك, 62,TN
منشط, 61,
مرا, 61,TN
الكلب, 60,
يقول, 60,
به, 60,
ام, 60,
الشاهد, 60,"NE,MSA"
دائما, 59,
الشيب, 59,
بنات, 59,
المجتمع, 59,
روحها, 59,
بدون, 59,
خسارة, 59,
شوية, 59,TN
إلا, 59,
العالم, 59,
لها, 58,
منهم, 58,
العبدلي, 58,NE
بنت, 58,
يعرف, 58,
عجبتني, 58,TN
عملت, 57,
إنت, 57,TN
معاه, 57,TN
الشابي, 57,NE
لما, 57,
جعفر, 57,NE
معادش, 56,TN
كيفك, 56,TN
ونعم, 56,
عاهرة, 56,
يحب, 56,
حسن, 56,
ﻻ, 55,
الدين, 55,
سنة, 55,
انو, 55,TN
تحيا, 55,
كما, 55,
رائع, 55,
الدولة, 55,
متع, 54,TN
يعمل, 54,
بفف, 54,TN
نموت, 54,
بزاف, 54,ALG
يزي, 54,TN
صباح, 54,
جلول, 54,NE
قمة, 53,
العباد, 53,
لكم, 53,
يحفظك, 53,
بل, 53,
صحة, 53,
لتونس, 52,NE
الممثلين, 52,
وزيد, 52,TN
بيك, 52,TN
حق, 52,
الف, 52,
وفي, 52,
الفن, 52,
تفوو, 51,TN
وحدة, 51,
مبروك, 51,
راس, 50,
مريض, 50,
شئ, 50,
خامج, 50,TN
مهما, 50,
انك, 50,
بخير, 50,
جاهل, 50,
مدام, 50,TN
أكبر, 49,
ن, 49,NOISE
ال, 49,NOISE
هم, 49,
العربي, 49,"NE,MSA"
مل, 49,NOISE
دنيا, 49,
ناجح, 49,
أحلى, 49,
حلوة, 49,
هاك, 49,TN
ك, 48,NOISE
لحاس, 48,TN
أمسط, 48,TN
حتي, 48,
اذا, 48,
نعم, 47,
شهر, 47,
أي, 47,
دولة, 47,
هدا, 47,
الحمد, 47,
ناجي, 47,NE
برجولية, 46,"MSA,TN"
العام, 46,
احمد, 46,NE
معنى, 46,
حالة, 46,
حول, 46,
علاه, 46,TN
وان, 46,
وجه, 46,
حصة, 45,
السيد, 45,
قحبة, 45,TN
راهي, 45,TN
طلع, 45,
بعض, 45,
ولكن, 45,
ضحك, 45,
الرئيس, 45,
مفيدة, 44,"NE,MSA"
البرامج, 44,
راني, 44,TN
إن, 44,
تمثل, 44,
شوف, 44,TN
معك, 44,
لن, 44,
جماعة, 44,
التربية, 43,
سعيد, 43,
الحياء, 43,
الحبس, 43,TN
بيها, 43,TN
يعطيه, 43,TN
قدام, 43,TN
نساء, 43,
عمل, 43,
وانا, 43,
حل, 43,
محمد, 43,NE
جو, 43,"MSA,TN"
مزيانة, 43,TN
عندهم, 42,
يهدي, 42,
برامج, 42,
علا, 42,TN
بلا, 42,
واش, 42,TN
عباد, 42,
محلاه, 42,
سيد, 42,
يضحك, 42,
عجبني, 42,TN
مثال, 41,
عمرك, 41,
ملي, 41,TN
سلام, 41,
ميبون, 41,TN
ﻳﺎ, 41,
نقلك, 41,TN
بلادي, 41,
شخصية, 41,
صوتها, 41,
كلامك, 41,
زين, 41,TN
هاو, 41,TN
اخرى, 41,
دين, 40,
وجهك, 40,
كارثة, 40,
تحت, 40,
حياتي, 40,
فعلا, 40,
بها, 40,
جدية, 40,
يارب, 39,
مسكينة, 39,
صاحب, 39,
مسكين, 39,
والديك, 39,
مثقف, 39,
الوقت, 39,
بو, 39,TN
عمري, 39,
الاحترام, 39,
جميل, 39,
عاد, 39,"MSA,TN"
الشباب, 39,
الطحين, 38,"MSA,TN"
مخيب, 38,"MSA,TN"
اول, 38,
مورو, 38,NE
ثقافة, 38,
كذب, 38,
ماشي, 38,TN
الارهاب, 38,
لنا, 38,
الوحيد, 38,
انه, 38,
قاعد, 38,TN
ليبيا, 38,NE
يعني, 38,
طول, 38,
محلاهم, 38,TN
ولات, 38,TN
طيارة, 38,TN
تهبل, 38,TN
نسيبتي, 38,TN
ولاد, 37,TN
اخر, 37,
منه, 37,
اولاد, 37,
الحصة, 37,
بصح, 37,ALG
الحياة, 37,
علاقة, 37,
الرجل, 37,
العظيم, 37,
الوافي, 37,"NE,MSA"
كم, 37,
دون, 36,
حيوان, 36,
حسين, 36,NE
الجنسية, 36,
حسبي, 36,
حكايات, 36,
وزير, 36,
يخدم, 36,
الحرام, 36,
ممسطك, 36,TN
الوالدين, 36,
منور, 36,
ﻣﻦ, 36,
منال, 36,"NE,MSA"
الثورة, 36,
العزيزة, 36,
حجلة, 36,NE
رجلرجل, 36,NOISE
بالنسبة, 35,
القحبة, 35,TN
برنامجك, 35,
التاريخ, 35,
التمثيل, 35,
برشاا, 35,TN
يتكلم, 35,
عل, 35,TN
نعرف, 35,"MSA,TN"
عادي, 35,
بابا, 35,TN
عمرو, 35,TN
صح, 35,NOISE
نحبوك, 35,TN
يعطيكم, 35,
لهم, 35,
بهيم, 35,TN
فاسد, 35,
الكذب, 35,
فاشلة, 34,
كذاب, 34,
زوز, 34,TN
يستحق, 34,
نهضاوي, 34,TN
فضايح, 34,TN
جديد, 34,
لغة, 34,
فوق, 34,
يجي, 34,TN
اخي, 34,
كلامها, 34,
قانون, 34,
ثم, 34,
وقلة, 33,
سؤال, 33,
مستويات, 33,
قلت, 33,
محترم, 33,
امثالك, 33,
المراة, 33,
منكم, 33,
النجاح, 33,
زينة, 33,
تولي, 33,TN
مازال, 33,TN
حكاية, 33,
تخدم, 33,TN
باهية, 33,TN
قليل, 33,
ذلك, 33,
بالف, 33,
الاعلام, 33,
تعليق, 32,
ر, 32,NOISE
اخلاق, 32,
جاي, 32,TN
الثقافة, 32,
ضد, 32,
ليه, 32,TN
شلاكة, 32,TN
شوي, 32,TN
نجلاء, 32,NE
هيا, 32,TN
جات, 32,TN
قالو, 32,TN
مشاء, 32,TN
طيبة, 32,
حسبنا, 32,
شخص, 32,
راكم, 32,TN
فساد, 32,
قمرة, 32,NE
يعينك, 32,
روح, 32,
إذا, 31,
الل, 31,NOISE
حثالة, 31,
الانسان, 31,
كمشة, 31,TN
التافه, 31,
بالحق, 31,"MSA,TN"
تضحك, 31,
اللطف, 31,
اللهم, 31,
بوك, 31,TN
تبقى, 31,
بارك, 31,
عندما, 31,
احلا, 31,
دور, 31,"MSA,TN"
جميلة, 31,
عيني, 31,
يحميك, 31,
مالا, 31,TN
شباب, 31,
ضامر, 31,TN
الافريقي, 31,NE
ممتاز, 31,
بهذا, 31,
الفاهم, 31,"NE,MSA"
ريم, 31,NE
وهف, 30,TN
أ, 30,NOISE
العمل, 30,
والعيب, 30,
سبحان, 30,
بما, 30,
خلي, 30,
كلها, 30,
فماش, 30,TN
انشالله, 30,NOISE
حب, 30,
انها, 30,
عملتو, 30,TN
صادق, 30,
لماذا, 30,
عربي, 30,
وخاصة, 30,
الامام, 30,
فاهم, 30,
فكرة, 30,
الامارات, 30,NE
بدر, 30,"NE,MSA"
شيبة, 29,NE
سنين, 29,
تستحق, 29,
أخلاق, 29,
كوميدي, 29,
مايا, 29,NE
ناقص, 29,
الرحموني, 29,NE
معقول, 29,
الصحيح, 29,
وهي, 29,
امك, 29,
بي, 29,
راجلها, 29,TN
رائعة, 29,
فعل, 29,
النساء, 29,
ماذا, 29,
جميع, 29,
راو, 29,TN
قريب, 29,
ماعادش, 29,TN
متاعك, 29,TN
لعباد, 29,TN
الفنانين, 29,
امور, 29,
ممتازة, 29,
نقول, 28,"MSA,TN"
وليس, 28,
متخلف, 28,
هوما, 28,TN
الاندلسي, 28,NE
إعلام, 28,
حرية, 28,
الفتاح, 28,"NE,MSA"
معاكم, 28,TN
ولي, 28,TN
أم, 28,
جبري, 28,TN
الواحد, 28,
منافقين, 28,
سبب, 28,
ابن, 28,
عامل, 28,
يجب, 28,
نشالله, 28,TN
عندنا, 28,
روعه, 28,
خدمة, 28,
نهاية, 28,
قوية, 28,
إنتي, 28,TN
مصر, 28,"NE,MSA"
محلا, 28,TN
سياسي, 28,
شنوا, 28,TN
الماسط, 28,TN
تعلم, 28,
بعضهم, 28,
والي, 28,
النفاق, 27,
تتكلم, 27,
الشيخ, 27,
العماري, 27,NE
جملة, 27,
المرا, 27,TN
صغار, 27,
معاها, 27,TN
بيهم, 27,TN
لمن, 27,
ولله, 27,
وهرة, 27,TN
تربح, 27,
تنجم, 27,"MSA,TN"
ماكش, 27,TN
الكريم, 27,
وانتم, 27,
خماج, 27,TN
المواطن, 27,
فن, 27,
السهيلي, 27,NE
خييت, 26,TN
عدم, 26,
معاهم, 26,TN
تربحكم, 26,
بلاهي, 26,TN
تفاهة, 26,
ﺭﺑﻲ, 26,
صورة, 26,
نورمال, 26,TN
هوا, 26,TN
مانقلك, 26,TN
حياتك, 26,
بالك, 26,
فضيحة, 26,
اني, 26,
عين, 26,
فلا, 26,
التوفيق, 26,
صراحة, 26,
احلي, 26,
بأتم, 26,
ﷲ, 26,
ﻣﺤﻼﻙ, 26,TN
الفلوس, 26,TN
أمين, 26,"NE,MSA"
جمال, 26,"NE,MSA"
تحفونة, 26,TN
متاعكم, 26,"MSA,TN"
الفة, 26,"NE,MSA"
أحمد, 26,"NE,MSA"
مشاكل, 25,
يلزم, 25,"MSA,TN"
ساقط, 25,
ت, 25,NOISE
بلادنا, 25,
المواضيع, 25,
ربى, 25,
حسب, 25,
موقف, 25,
ريت, 25,TN
زادة, 25,TN
طحانة, 25,TN
توانسة, 25,TN
هاذا, 25,TN
ولو, 25,
كثر, 25,
وهذا, 25,
العربية, 25,
تكذب, 25,
العرب, 25,
امرأة, 25,
وحتى, 25,
المستوى, 25,
الذين, 25,
حال, 25,
وحدو, 25,TN
فينا, 25,TN
يعطيها, 25,
واحنا, 25,TN
العلم, 25,
بسام, 25,"NE,MSA"
سيب, 25,TN
مواضيع, 25,
كيفها, 25,"MSA,TN"
محترمة, 25,
ملك, 25,
برافوا, 25,TN
اورنج, 25,NE
كافون, 25,NE
كون, 24,
الوزير, 24,
هناك, 24,
تلقى, 24,
زبالة, 24,TN
هما, 24,
وجهو, 24,TN
عزوزة, 24,TN
تتفرج, 24,TN
الموت, 24,
كلامو, 24,TN
قيمة, 24,
جابك, 24,TN
يفهم, 24,
الكلاب, 24,
متاعو, 24,TN
تمشي, 24,
صوتك, 24,
قدر, 24,
عونك, 24,
تقتل, 24,
الاسلام, 24,
نتعلم, 24,"MSA,TN"
محرزية, 24,NE
ﻋﻠﻰ, 24,
صاحبي, 24,
نيك, 24,TN
الليلة, 24,
هكة, 24,TN
اقوى, 24,
الورتاني, 24,NE
لمين, 24,NE
وجوه, 24,
النهدي, 24,NE
بجاه, 24,TN
أحد, 24,
الباجي, 24,NE
الممثلات, 24,
نعشق, 24,"MSA,TN"
شنو, 23,TN
يكب, 23,"MSA,TN"
اب, 23,
كيفو, 23,TN
رزين, 23,
فارغة, 23,
جاء, 23,
تجيب, 23,"MSA,TN"
بلاصتو, 23,TN
يزيد, 23,
يتفرج, 23,
ماصط, 23,TN
ماهوش, 23,TN
جيت, 23,TN
أخرى, 23,
السلام, 23,
الجزاير, 23,NE
اين, 23,
منذ, 23,
ولم, 23,
لينا, 23,TN
كاملة, 23,
اجمل, 23,
ألف, 23,
نفسك, 23,
تصلح, 23,
نتمنى, 23,
حنان, 23,"NE,MSA"
يهديك, 23,
وليت, 23,"MSA,TN"
امراة, 23,
زمن, 23,
رخيص, 23,
الضيوف, 23,
طرف, 23,
المساطة, 23,TN
باسم, 23,"NE,MSA"
مبدع, 23,
الجزء, 23,
المناسب, 23,
كلهم, 22,
آش, 22,TN
يليق, 22,
سلعة, 22,
لان, 22,
التفاهة, 22,
بيرم, 22,NE
شويا, 22,TN
خخ, 22,NOISE
فم, 22,
تجي, 22,TN
مني, 22,
المشكل, 22,
إنشاء, 22,TN
قلب, 22,
جديدة, 22,
لوكان, 22,TN
الصحه, 22,
جا, 22,TN
القانون, 22,
لهذا, 22,
رووعة, 22,NOISE
اتمنى, 22,
تربحك, 22,"MSA,TN"
بألف, 22,
مجتمع, 22,
بلاش, 22,TN
السيدة, 22,
فلوس, 22,
اتفه, 22,
لبلاد, 22,"MSA,TN"
مرسي, 22,"NE,TN"
تلفزة, 22,
مثقفة, 22,
حكومة, 22,
ثورة, 22,
لبنى, 22,NE
خلق, 21,
قارة, 21,NE
التجمع, 21,
المثلية, 21,
بعيد, 21,
قلبو, 21,TN
جمعة, 21,"NE,MSA"
يرجع, 21,"MSA,TN"
عندكم, 21,
طلعت, 21,"MSA,TN"
شلايك, 21,TN
وبعد, 21,
الكبير, 21,
طفلة, 21,
جزائرية, 21,NE
عمرها, 21,
امان, 21,
طيب, 21,
الان, 21,
يصلح, 21,
الاخلاق, 21,
افضل, 21,
ياسي, 21,TN
وشكرا, 21,
نفسه, 21,
يبقى, 21,
فهو, 21,
شنوة, 21,TN
طريقة, 21,
قحاب, 21,TN
ياا, 21,NOISE
أفضل, 21,
دخل, 21,
فاها, 21,NOISE
اكيد, 21,
الدعارة, 21,
بلطي, 21,NE
فاش, 21,TN
يقولو, 21,TN
ماشاءالله, 21,NOISE
أنك, 21,
مزيان, 21,TN
التقدير, 21,
المرزوقي, 21,NE
والشعب, 21,
اف, 21,
نقيب, 21,
الأخلاق, 20,
لهذه, 20,
فارغ, 20,
للبرنامج, 20,
راه, 20,TN
الخمج, 20,TN
أمك, 20,
الجهل, 20,
امو, 20,TN
بينا, 20,TN
مزال, 20,TN
داخل, 20,"MSA,TN"
كلو, 20,TN
اصلا, 20,
يفرج, 20,TN
كمل, 20,TN
يحبو, 20,TN
متألق, 20,
نحبكم, 20,"MSA,TN"
قالت, 20,
تقعد, 20,"MSA,TN"
تاع, 20,TN
كيفاه, 20,TN
عنا, 20,TN
لأن, 20,
ليست, 20,
غالب, 20,
المنشط, 20,
صار, 20,
مليون, 20,
هؤلاء, 20,
منورة, 20,
ﻣﺎ, 20,
ثقة, 20,
للاسف, 20,
زعمة, 20,TN
القلب, 20,
فيلم, 20,
تفو, 20,TN
صوتو, 20,TN
مريم, 20,NE
الوطن, 20,
الدور, 20,
الفنان, 20,
احترام, 20,
الحقيقي, 20,
طيار, 20,
يمكن, 20,
أقوى, 20,
تبا, 20,
القاسمي, 20,NE
ألفة, 20,"NE,MSA"
ليلى, 20,NE
قواد, 19,"MSA,TN"
سعدك, 19,"MSA,TN"
فقد, 19,
تجيبو, 19,TN
طحين, 19,"MSA,TN"
مقرف, 19,
تاريخ, 19,
الإعلام, 19,
عائلة, 19,
قول, 19,
شفت, 19,"MSA,TN"
مصيبة, 19,
قاعدة, 19,
ولدي, 19,
بلد, 19,
الاب, 19,
وكان, 19,
أنه, 19,
ليوم, 19,
ساعة, 19,
مستوي, 19,
مليح, 19,"MSA,TN"
العائلة, 19,
الحقيقة, 19,
علم, 19,
وو, 19,NOISE
تشوف, 19,TN
راسك, 19,
راهم, 19,TN
المهم, 19,
تحيه, 19,
نشوف, 19,"MSA,TN"
أول, 19,
المغرب, 19,NE
خمسة, 19,
والنجاح, 19,
مثلا, 19,
عليا, 19,TN
روحي, 19,"MSA,TN"
أمام, 19,
انتوما, 19,TN
الدول, 19,
التونسيين, 19,NE
الارض, 19,
راسو, 19,TN
خمج, 19,TN
مرزن, 19,TN
مهزلة, 19,
الحمار, 19,
لاسطة, 19,TN
نقص, 19,
دخلت, 19,
قاعدين, 19,"MSA,TN"
معذبهم, 19,"MSA,TN"
نحبو, 19,TN
فرخ, 19,TN
سيدتي, 19,
إمرأة, 19,
خليقة, 19,
واحدة, 18,
ح, 18,NOISE
دمو, 18,TN
علاها, 18,TN
كلبة, 18,
أولاد, 18,
لباس, 18,
منحطة, 18,
العهر, 18,
والفساد, 18,
المسلمين, 18,
هك, 18,TN
الضحك, 18,
لانه, 18,
يدافع, 18,
حمزة, 18,NE
امها, 18,
يقبل, 18,
بوها, 18,TN
حيط, 18,TN
صغير, 18,
ليكم, 18,TN
اروع, 18,
اعلامي, 18,
الصغار, 18,
ويا, 18,
صافي, 18,"NE,MSA"
الواقع, 18,
مسلم, 18,
مجرد, 18,
آخر, 18,
حقيقة, 18,
يعاونك, 18,
لمعلم, 18,TN
فلة, 18,
ديمة, 18,TN
وتونس, 18,NE
ﻋﻠﻴﻚ, 18,
محلاكم, 18,
تقدم, 18,
وعلي, 18,
بطل, 18,
التواصل, 18,
منين, 18,TN
توة, 18,TN
اه, 18,
فريق, 18,
تلعب, 18,
يعرفش, 18,TN
حسرة, 18,
نحو, 18,TN
شنية, 18,TN
صفر, 18,
احد, 18,
الجديد, 18,
لقد, 18,
باب, 18,
السبسي, 18,NE
برش, 18,TN
خميسة, 18,NE
قتل, 18,
سيدة, 18,
الحرية, 18,
تحفون, 18,TN
هاكا, 17,TN
أين, 17,
وا, 17,NOISE
الحديث, 17,
مستحيل, 17,
منظر, 17,
واللي, 17,TN
احب, 17,
الحكم, 17,
عاملة, 17,"MSA,TN"
فيق, 17,TN
نسمع, 17,
السياسة, 17,
مسرحية, 17,
المرة, 17,
افف, 17,TN
بتونس, 17,NE
يخرج, 17,
وملا, 17,TN
يحشم, 17,TN
غريبة, 17,"MSA,TN"
ماهو, 17,TN
الأرض, 17,
اختي, 17,
بزااف, 17,ALG
الشخص, 17,
بوه, 17,TN
زينك, 17,TN
حبيت, 17,TN
اعمل, 17,
الحكاية, 17,
الطريق, 17,
واضح, 17,
الاخر, 17,
حقا, 17,
قالك, 17,TN
برك, 17,TN
تستاهل, 17,"MSA,TN"
التافهة, 17,
المباشر, 17,
مادام, 17,"MSA,TN"
مرأة, 17,
موجودة, 17,
يعطك, 17,"MSA,TN"
جمعية, 17,
موزاييك, 17,NE
اسمو, 17,TN
نجاح, 17,
د, 17,NOISE
الوطنية, 17,
احسنت, 17,
خيرلك, 17,TN
البهيم, 17,"MSA,TN"
زناطير, 17,TN
عقلية, 17,
اصبح, 17,
لكلام, 17,"MSA,TN"
المسرح, 17,
نعمل, 17,
المعلم, 17,
سوف, 17,
نفاق, 17,
أتفه, 17,
استاذة, 17,
ميقالو, 17,NE
بنتك, 17,TN
الفاسدين, 17,
والتقدير, 17,
يريد, 17,
براافو, 17,TN
هب, 17,NOISE
الجندوبي, 17,NE
سيتكوم, 17,BORROW
مبدعة, 17,
اصل, 17,
القاضي, 16,
اووه, 16,TN
أكيد, 16,
وماسط, 16,TN
تحسو, 16,TN
وسط, 16,
دار, 16,
يااسر, 16,TN
الماخور, 16,
تحيفة, 16,TN
يهديكم, 16,
نوع, 16,
فرق, 16,
طز, 16,TN
انشاءالله, 16,NOISE
ولى, 16,"MSA,TN"
كلكم, 16,
يجيب, 16,
بطريقة, 16,
هكذا, 16,
ممكن, 16,
حاجه, 16,
قوي, 16,
تنجح, 16,
الموضوع, 16,
كله, 16,
بصراحه, 16,
جد, 16,
شكر, 16,
قضية, 16,
الغرب, 16,
يوفقكم, 16,
امي, 16,
كلنا, 16,
الاقل, 16,
كثيرا, 16,
مشيت, 16,
لاكن, 16,TN
موجود, 16,
قصة, 16,
قلبك, 16,
منا, 16,TN
طريق, 16,
ونحن, 16,
تقدير, 16,
الاولى, 16,
شاهد, 16,
العنف, 16,
ﻫﻬﻬﻪ, 16,TN
ﻋﻴﺸﻮﺷﺔ, 16,NE
خاتر, 16,TN
بالعكس, 16,
المشاهد, 16,
مستواك, 16,
ينصرك, 16,
يقعد, 16,"MSA,TN"
يدخل, 16,
الكوميديا, 16,BORROW
فلي, 16,TN
الإمارات, 16,NE
للناس, 16,
جاب, 16,TN
داعش, 16,NE
نرمال, 16,TN
النادي, 16,
ينجم, 16,"MSA,TN"
الجنوب, 16,
القنوات, 16,
كعبة, 16,TN
يلعن, 16,
عنوان, 16,
فهري, 16,NE
عكس, 16,
برفو, 16,TN
وصل, 16,
لقطة, 16,
دكتورة, 16,
النداء, 16,
جايبينو, 16,TN
زك, 15,TN
الر, 15,NOISE
مهرج, 15,
سيدك, 15,
تمثيل, 15,
تحبو, 15,TN
قوم, 15,"MSA,TN"
مستواه, 15,
هاذم, 15,TN
اقل, 15,
اسمه, 15,
معجبنيش, 15,TN
حياة, 15,
لاصط, 15,TN
أنتم, 15,
عصبة, 15,"MSA,TN"
مساطة, 15,TN
يسترنا, 15,
بلادك, 15,
باين, 15,TN
تقوم, 15,"MSA,TN"
جهة, 15,
المفروض, 15,
ترجع, 15,
عايش, 15,TN
يقلك, 15,TN
شيئ, 15,
تسمع, 15,
يعملو, 15,TN
عبر, 15,
قطر, 15,"NE,MSA"
الزين, 15,TN
الوحيدة, 15,
ماهيش, 15,TN
سوى, 15,
البارح, 15,TN
حي, 15,
حكم, 15,
ياريت, 15,TN
سهرية, 15,
يرحمو, 15,TN
احترم, 15,
ﺍﻧﺖ, 15,
هايل, 15,TN
برى, 15,TN
نقطة, 15,
قلوبنا, 15,
برامجك, 15,
افلام, 15,
تبدا, 15,
غدوة, 15,TN
تستحي, 15,
مرض, 15,
أحلا, 15,TN
جيب, 15,"MSA,TN"
الفقر, 15,
الشيطان, 15,
التاسعة, 15,
بالرسمي, 15,"MSA,TN"
ظاهر, 15,
الإفريقي, 15,NE
اميمة, 15,"NE,TN"
واو, 15,TN
جمهور, 15,
الرياحي, 15,NE
عسلة, 15,TN
ناجحة, 15,
الطحانة, 15,TN
سارق, 15,
ملة, 15,"MSA,TN"
دينار, 15,NE
الزوالي, 15,TN
البنات, 15,
رزينة, 15,"MSA,TN"
يكثر, 15,
وقتاش, 15,TN
بارشا, 15,TN
ملهط, 15,TN
ايها, 15,
المثليين, 15,
عهد, 15,
العاهرة, 15,
حركة, 15,
اللواط, 15,
المكان, 15,
بسبب, 14,
قل, 14,
الريحة, 14,TN
الثقيل, 14,
الطاهر, 14,"NE,MSA"
النور, 14,
جام, 14,TN
روحوا, 14,TN
تعطي, 14,
بليد, 14,
بالسيف, 14,
لعماري, 14,NE
يستر, 14,"MSA,TN"
منيش, 14,TN
زاد, 14,"MSA,TN"
ويني, 14,TN
منقلك, 14,TN
لين, 14,"MSA,TN"
أصلا, 14,
ومش, 14,TN
العاهرات, 14,
نشوفو, 14,TN
قرد, 14,
تجمعي, 14,
تجيبوه, 14,TN
حيا, 14,TN
ماو, 14,TN
جايب, 14,TN
مرتو, 14,TN
غالطة, 14,TN
لطيف, 14,
البنت, 14,
حقها, 14,
قلوب, 14,
الإنسان, 14,
تظهر, 14,"MSA,TN"
انهم, 14,
هادي, 14,
موفق, 14,
الرجاء, 14,
القمة, 14,
ونحب, 14,"MSA,TN"
مريضة, 14,
تعيش, 14,
خلال, 14,
اساس, 14,
اختكم, 14,
مي, 14,NE
البعض, 14,
الخضراء, 14,
جميعا, 14,
كذلك, 14,
الآخر, 14,
نسبة, 14,
قدوة, 14,
يمثل, 14,
طويل, 14,
تفيه, 14,TN
برسمي, 14,TN
أيها, 14,
الرذيلة, 14,
وانتي, 14,TN
قلو, 14,TN
قرار, 14,
المجلس, 14,
شد, 14,"MSA,TN"
نكرة, 14,
تفاهات, 14,
يستاهل, 14,"MSA,TN"
السياسية, 14,
الفتنة, 14,
اسم, 14,
لاباس, 14,
الغناء, 14,
ضيوفك, 14,
مخو, 14,TN
محلى, 14,TN
الزردي, 14,NE
ق, 14,NOISE
قادر, 14,
اسمها, 14,
منوا, 14,TN
مناظر, 14,
مسخين, 14,TN
خامجة, 14,TN
ماسطين, 14,TN
ممسطها, 14,TN
حين, 14,
جايبين, 14,TN
بورقيبة, 14,NE
عايلة, 14,TN
حيث, 14,
مواطن, 14,
حاجات, 14,TN
هالبلاد, 14,TN
رد, 14,
والفاهم, 14,
قام, 14,
عالية, 14,
السرقة, 14,
اشرف, 14,
خبر, 14,
متألقة, 14,
شاءالله, 14,NOISE
الانترنات, 14,BORROW
افم, 14,NOISE
ملايكتو, 14,TN
فاخر, 14,NE
هده, 13,NOISE
انسانة, 13,
يدعي, 13,"MSA,TN"
رجع, 13,
بك, 13,
ى, 13,NOISE
مسلمين, 13,
فها, 13,TN
لحكاية, 13,TN
سعد, 13,NE
خوه, 13,TN
امصط, 13,TN
نكرهو, 13,TN
طاح, 13,TN
بلاصتك, 13,TN
مال, 13,ALG
هاد, 13,ALG
استغفر, 13,
اهم, 13,
انحطاط, 13,
الصبر, 13,
نسمعو, 13,TN
دزاير, 13,TN
صغيرة, 13,
شبيك, 13,TN
صعيب, 13,TN
بلحق, 13,TN
المستقبل, 13,
النظر, 13,
والديه, 13,
يطلع, 13,
خوك, 13,TN
الحل, 13,
يمشي, 13,
مثلك, 13,
يصير, 13,TN
يكذب, 13,
ينجح, 13,
بكاتني, 13,TN
العمر, 13,
هذاكا, 13,TN
كالعادة, 13,
خارج, 13,
ربما, 13,
يحفضك, 13,
كثير, 13,
مرت, 13,TN
يكن, 13,
نفسي, 13,
نتفرجو, 13,TN
علولو, 13,NE
مخلوق, 13,
الكثير, 13,
شخصيا, 13,
مرحبا, 13,
بالي, 13,
الجمال, 13,
نظيف, 13,
ﻛﺎﻥ, 13,
الورد, 13,
دورها, 13,
ياسين, 13,NE
بإمتياز, 13,
العريض, 13,
سرك, 13,
خرجت, 13,
نشر, 13,
ووه, 13,TN
للأسف, 13,
علخر, 13,TN
ارجل, 13,TN
فرنسا, 13,NE
مجتمعنا, 13,
تخرج, 13,
عاملين, 13,
كثرت, 13,
مقدم, 13,
مسلمة, 13,
مكياج, 13,TN
سفيان, 13,NE
كتاب, 13,
منطق, 13,
باقي, 13,
تحسها, 13,
باي, 13,"MSA,TN"
عالمية, 13,
زازا, 13,"NE,TN"
تتعلم, 13,
الغالية, 13,
زنطور, 13,TN
الزناطير, 13,TN
يغني, 13,
ضعيفة, 13,
غادي, 13,TN
ناقصة, 13,
الروح, 13,
شبعة, 13,TN
دعارة, 13,
نسب, 13,
السراق, 13,
عالمي, 13,
فنانين, 13,
يوفقو, 13,TN
ريتو, 13,TN
مفماش, 13,TN
غريب, 13,
جهنم, 13,
لخر, 13,TN
سياسية, 13,
تلك, 13,
وأنت, 13,
هنا, 13,
ملخر, 13,TN
الجسد, 13,
النار, 13,
شىء, 13,
مسرحي, 13,
يعجبنيش, 13,TN
شوفلي, 13,TN
ﻣﻨﺎﻝ, 13,NE
حزب, 13,
كن, 13,
الفايسبوك, 13,BORROW
رحمة, 13,
النواب, 13,
زدت, 13,"MSA,TN"
الحديدية, 13,
وعن, 13,
ثعلب, 13,
صلاح, 13,"NE,MSA"
الديك, 13,
أعوذ, 12,
تبييض, 12,
الإسلامية, 12,
ذ, 12,NOISE
باسل, 12,NE
هذاك, 12,TN
يزينا, 12,TN
الوجوه, 12,
أش, 12,TN
اختيار, 12,
خاص, 12,
تغني, 12,
الحجامة, 12,TN
القحب, 12,TN
ياكلب, 12,NOISE
الجمهور, 12,
زح, 12,TN
اللى, 12,TN
البحر, 12,
زبلة, 12,TN
شبيها, 12,TN
سنوات, 12,
بامتياز, 12,
اولا, 12,
نقلها, 12,TN
بقية, 12,
راجع, 12,
حقو, 12,TN
المشكلة, 12,
خايف, 12,TN
رهوط, 12,TN
لناس, 12,TN
السبب, 12,
وحدها, 12,
عمر, 12,
ايام, 12,
الأقل, 12,
الحب, 12,
يعيش, 12,
يلي, 12,TN
مستقبل, 12,
رواحكم, 12,TN
العالمين, 12,
نشاء, 12,"MSA,TN"
مساء, 12,
شفتو, 12,TN
الدار, 12,
الجزائريين, 12,NE
تحكم, 12,
تبع, 12,
فرصة, 12,
عمي, 12,
الجميع, 12,
يطول, 12,
توانسا, 12,NE
معندوش, 12,TN
وراء, 12,
الشخصية, 12,
عامة, 12,
ارجع, 12,
لشعب, 12,
خدام, 12,TN
وتقدير, 12,
برامجكم, 12,
خلاص, 12,
وجها, 12,
راكي, 12,TN
غالط, 12,TN
احمر, 12,
الرحمان, 12,
لعب, 12,
يولي, 12,TN
ﺗﻮﻧﺲ, 12,NE
العزيز, 12,
محلك, 12,TN
الفل, 12,
بير, 12,TN
عربية, 12,
ناقصين, 12,
رااك, 12,TN
لكي, 12,
البصل, 12,
المال, 12,
مزبلة, 12,
وموش, 12,TN
التونسيه, 12,NE
امام, 12,
طيح, 12,TN
فمة, 12,TN
راقي, 12,
لذا, 12,
نصر, 12,
بتوفيق, 12,
اكا, 12,TN
تزيد, 12,
نجم, 12,TN
بهايم, 12,TN
تهريج, 12,
اقسم, 12,
ج, 12,NOISE
نصف, 12,
امير, 12,"NE,MSA"
خ, 12,NOISE
وسيد, 12,
ز, 12,NOISE
عرفت, 12,
نكرها, 12,TN
عمارة, 12,
يحفظهم, 12,
الصباح, 12,
معايا, 12,TN
تحترم, 12,
بري, 12,TN
غبي, 12,
بردلي, 12,TN
تعملوا, 12,
سب, 12,
المشاهدة, 12,
القضاء, 12,
أقل, 12,
ياسامي, 12,NE
تعملو, 12,
يزيو, 12,TN
وقتلي, 12,TN
الأمام, 12,
الفشل, 12,
الشمس, 12,
لانك, 12,
فهي, 12,
الفنانة, 12,
للمرأة, 12,
عادش, 12,TN
الديمقراطية, 12,BORROW
المنجي, 12,NE
ممثلين, 12,
موقفك, 12,
السياسيين, 12,
مجرم, 12,
اعوذ, 12,
هشام, 12,NE
ظهر, 12,
وعليها, 12,
يهزك, 12,TN
الابله, 12,
موزون, 12,
جعفوور, 12,NE
خلوق, 12,
مبادرة, 12,
البهامة, 11,TN
تحكيو, 11,TN
ش, 11,NOISE
الد, 11,
صحفي, 11,
معقد, 11,
عندوش, 11,TN
واطي, 11,TN
المشاكل, 11,
قحب, 11,TN
الطرابلسية, 11,NE
بهم, 11,"MSA,TN"
يبدا, 11,
بيكم, 11,TN
مقزز, 11,
يهلكهم, 11,
نكره, 11,
الشواذ, 11,
العامة, 11,
الهم, 11,
ارهابي, 11,
بيناتهم, 11,TN
صالح, 11,
هاته, 11,
الجحيم, 11,
متثقف, 11,
اخلاقي, 11,
الأول, 11,
ممسط, 11,TN
توب, 11,TN
التهريج, 11,
راح, 11,
تحل, 11,"MSA,TN"
الجنس, 11,
يرحمك, 11,
راسي, 11,
راي, 11,"MSA,TN"
يعطيهم, 11,
الزواج, 11,
نقولك, 11,TN
برشه, 11,TN
اقرب, 11,
يقدر, 11,
تسب, 11,
مشكلة, 11,
اجل, 11,
يحبك, 11,
دليل, 11,
رواحهم, 11,TN
الرد, 11,
نستنى, 11,TN
يخاف, 11,
المثل, 11,
وديما, 11,TN
يد, 11,
مصلحة, 11,
نجوم, 11,
الحلول, 11,
للي, 11,TN
الرائع, 11,
مباشرة, 11,
غيرك, 11,
قالها, 11,
عنه, 11,
زادا, 11,TN
تدخل, 11,
الرأي, 11,
ولاية, 11,
تع, 11,TN
براس, 11,
وحده, 11,
غلط, 11,
كلمات, 11,
معني, 11,
ﻟﻲ, 11,
وانشاء, 11,TN
ايضا, 11,
يهلكم, 11,TN
العين, 11,
عرض, 11,
خلينا, 11,
عملو, 11,TN
نحترمك, 11,
الفاسد, 11,
هاني, 11,"MSA,TN"
جزائري, 11,NE
مزيد, 11,
الاول, 11,
صدق, 11,
كيفكم, 11,TN
لست, 11,
الشعري, 11,"NE,MSA"
الضحكة, 11,
غلطة, 11,
سياسة, 11,
متاعنا, 11,"MSA,TN"
مجهود, 11,
مات, 11,
وجوهكم, 11,
سراق, 11,
أنيقة, 11,
يقتل, 11,
الطيب, 11,"NE,MSA"
اللوح, 11,
الترجي, 11,NE
الزنطور, 11,TN
جزء, 11,
القوة, 11,
للشعب, 11,
شنوه, 11,TN
يضحكني, 11,
يجيبو, 11,TN
تهز, 11,"MSA,TN"
فضحتونا, 11,
يهبل, 11,TN
مسيو, 11,BORROW
دمك, 11,
الوبنة, 11,TN
ثقيل, 11,
خدم, 11,
نكرهك, 11,"MSA,TN"
الضرب, 11,
اسبوع, 11,
رأس, 11,
تسرق, 11,
الإرهاب, 11,
والعباد, 11,
الاجتماعي, 11,
مازلت, 11,
لبنات, 11,"MSA,TN"
أهل, 11,
يقوم, 11,
انجم, 11,TN
يحفظ, 11,
معناها, 11,
ذكي, 11,
الغنوشي, 11,NE
قدرك, 11,"MSA,TN"
المعنى, 11,
وسخ, 11,
كانو, 11,TN
تاافه, 11,NOISE
الصادق, 11,
وقتها, 11,
مسلسلات, 11,
المسلسلات, 11,
حقوق, 11,
مخيبك, 11,TN
الميبون, 11,TN
للبلاد, 11,
الشرف, 11,
المسخ, 11,TN
الجو, 11,
متحيل, 11,
خوانجي, 11,TN
كرهتونا, 11,
الأولى, 11,
شبيه, 11,
تافهين, 11,
حمام, 11,
حامد, 11,
خميس, 11,NE
ببوشة, 11,NE
حجيلة, 11,NE
منورين, 11,TN
يحكم, 11,
وضع, 11,
هاجر, 11,"NE,MSA"
ميدان, 11,
جابو, 11,TN
اورونج, 11,NE
مشات, 11,TN
الصافي, 11,"NE,MSA"
تدافع, 11,
معللمة, 11,NOISE
الأندلسي, 11,NE
مصباح, 11,"NE,MSA"
راقية, 11,
معللم, 11,TN
الوهرة, 11,TN
اليهود, 10,
برب, 10,"MSA,TN"
شر, 10,
قمت, 10,
جبالك, 10,
الحقيقية, 10,
ايتها, 10,
الحبيبة, 10,
قعر, 10,"MSA,TN"
إ, 10,NOISE
هذوما, 10,TN
نحي, 10,TN
اخ, 10,
كرهنا, 10,
تفرج, 10,
نشوفوا, 10,TN
اسيادك, 10,
شيب, 10,"MSA,TN"
فضيل, 10,
يحكيو, 10,TN
دارهم, 10,
سخيف, 10,
جداا, 10,NOISE
تلوج, 10,TN
ليا, 10,TN
رجعت, 10,
الجريمة, 10,
أمير, 10,
حقير, 10,
مضروبة, 10,
فين, 10,TN
ضمار, 10,TN
جاهلة, 10,
مانيش, 10,TN
اك, 10,TN
حابة, 10,TN
ويحب, 10,
وإلا, 10,
عالم, 10,
ورجال, 10,
الخمر, 10,
متربية, 10,
المسكين, 10,
قلبها, 10,
راسها, 10,
يهدينا, 10,
دم, 10,
نشاله, 10,TN
الحاجة, 10,
الطفل, 10,
اليه, 10,
الخدمة, 10,
القوانين, 10,
تروح, 10,"MSA,TN"
حنا, 10,NOISE
يسترك, 10,
بلاصة, 10,TN
نعلم, 10,
ليها, 10,TN
الإحترام, 10,
يشفيها, 10,
خاطرك, 10,"MSA,TN"
أتمنى, 10,
احشم, 10,TN
عنده, 10,
دمت, 10,
وهوما, 10,TN
يشوف, 10,TN
الديوث, 10,
مشاهدة, 10,
خايبة, 10,TN
مهدي, 10,"NE,MSA"
قعد, 10,TN
تعب, 10,
الانسانية, 10,
خط, 10,
يخليك, 10,TN
أنو, 10,TN
المصير, 10,
تقدر, 10,
الكبيرة, 10,
الراب, 10,NE
يقولوا, 10,
ﺍﻟﻠﻲ, 10,TN
ﻛﻲ, 10,
ﻫﺬﺍ, 10,
ﺭﻭﻋﺔ, 10,
ﻧﺤﺒﻚ, 10,"MSA,TN"
ﺭﻭﺣﻚ, 10,
ﺍﻟﺠﻤﺎﻝ, 10,
والى, 10,TN
رك, 10,TN
فخر, 10,
مكان, 10,
وذني, 10,TN
الرداءة, 10,
جنسية, 10,
المنحط, 10,
موت, 10,
حساب, 10,
التونسيات, 10,
احتراماتي, 10,
سر, 10,
مثلي, 10,
اشكون, 10,TN
محبوب, 10,
تواصل, 10,
معروف, 10,
البطالة, 10,
خطوة, 10,
السنة, 10,
يحبوا, 10,
الطيبة, 10,
انكم, 10,
افكار, 10,
نمووت, 10,TN
فاهمة, 10,
حاشا, 10,TN
خفيف, 10,
خليك, 10,TN
هاذ, 10,NOISE
النزول, 10,
تكركيرة, 10,TN
باشا, 10,TN
وينو, 10,TN
هذيك, 10,TN
الن, 10,
فهذا, 10,
مرتزقة, 10,
أمور, 10,
فردا, 10,
وكيف, 10,
زبي, 10,TN
أني, 10,
مخيبو, 10,TN
سامحني, 10,
عنك, 10,
بالدين, 10,
زي, 10,NOISE
لطف, 10,
الرواسي, 10,
ليلة, 10,
نموذج, 10,
الصورة, 10,
جبت, 10,
تاعب, 10,
ديكور, 10,
كاريزما, 10,TN
الخالق, 10,
شويه, 10,TN
القرآن, 10,
الاسلامي, 10,
وهم, 10,
سامى, 10,
جيعان, 10,TN
الحلقه, 10,
ماك, 10,TN
الفاحشة, 10,
فاسدة, 10,
محبة, 10,
الساعة, 10,
وفقك, 10,
ضيوف, 10,
نعمة, 10,
مقبول, 10,
أستاذة, 10,
احساس, 10,
قداكش, 10,TN
جيبو, 10,TN
فمك, 10,
الكلها, 10,TN
الشارع, 10,
جوادو, 10,TN
عميل, 10,
واضحة, 10,
بردتلي, 10,TN
بالضحك, 10,
احترامي, 10,
درجة, 10,
ألا, 10,
ماصت, 10,TN
ماسطه, 10,TN
جبتو, 10,TN
أخر, 10,
فطوركم, 10,
القران, 10,
المنافقين, 10,
فأنت, 10,
سوق, 10,
ذكر, 10,
العدل, 10,
يدفع, 10,
النهاية, 10,
متالقة, 10,
الحرب, 10,
نصب, 10,
دافع, 10,
خولة, 10,NE
معلمة, 10,
عسسل, 10,TN
اشكال, 10,
ذات, 10,
الخلصي, 10,NE
محاربة, 10,
يعينو, 10,TN
انصاف, 10,
سيادة, 10,
يلم, 9,
خدمتها, 9,
يسمى, 9,
قيم, 9,
ين, 9,NOISE
تحشمش, 9,TN
رايها, 9,
تكبر, 9,
رجعولنا, 9,TN
مفهمتش, 9,TN
الأخلاقي, 9,
كرمك, 9,
لوط, 9,NE
قريت, 9,TN
سكر, 9,
س, 9,NOISE
حقيرة, 9,
ناتن, 9,TN
حلقه, 9,
بدا, 9,TN
فضحتنا, 9,
لربي, 9,TN
الباقي, 9,
ماصطة, 9,TN
المنافق, 9,
لطفى, 9,NE
ستر, 9,
برجوليا, 9,TN
باارشا, 9,TN
ينتقم, 9,
ﻓﻴﻪ, 9,
يعطي, 9,
يشرب, 9,
اقول, 9,
الفضايح, 9,TN
خايب, 9,TN
عدة, 9,
باينة, 9,TN
متاعها, 9,
ياربي, 9,
حتا, 9,TN
بنتو, 9,TN
لأنها, 9,
نا, 9,TN
عايشين, 9,TN
وحد, 9,TN
ريح, 9,TN
أمانة, 9,
يعلم, 9,
بعضكم, 9,
بخلاف, 9,
وحدي, 9,
تبكي, 9,
نصيحة, 9,
يطيح, 9,TN
بالو, 9,TN
الثقة, 9,
مهيش, 9,TN
امشي, 9,
الراس, 9,
انحب, 9,TN
نحنا, 9,TN
اهل, 9,
أخي, 9,
شارع, 9,
لحد, 9,
الاخ, 9,
اخوكم, 9,
مهبولة, 9,TN
الخ, 9,TN
قلال, 9,NE
الشاشة, 9,
الكبار, 9,
والاحترام, 9,
يدوم, 9,
درس, 9,
خيرا, 9,
الحلقات, 9,
قتلو, 9,TN
ويعطيك, 9,
تسير, 9,
البلد, 9,
يوما, 9,
للقلب, 9,
قادرة, 9,
عناء, 9,
شرف, 9,
مرتك, 9,TN
الزوز, 9,TN
بارد, 9,
التوانسه, 9,NE
الشر, 9,
صحيحة, 9,
الاخير, 9,
حت, 9,NOISE
ونتي, 9,TN
ديننا, 9,
كنا, 9,
نتبع, 9,
بلال, 9,NE
تكلم, 9,
فيا, 9,TN
يهم, 9,
خديجة, 9,NE
ﻛﻴﻒ, 9,TN
ﻣﺶ, 9,TN
متالق, 9,
توصل, 9,
الاذاعة, 9,
الفيديو, 9,NE
عنها, 9,
الحال, 9,
زب, 9,TN
الاعلامي, 9,
طحت, 9,TN
ديوث, 9,
اذاعة, 9,
نسمة, 9,
الخطاب, 9,
طبيب, 9,
السلطة, 9,
صوته, 9,
حلوه, 9,
متاعي, 9,TN
القادمة, 9,
بداية, 9,
الاخوان, 9,
ول, 9,NOISE
ابداع, 9,
المفيد, 9,
القتل, 9,
اصبحت, 9,
بالرغم, 9,
اخخ, 9,TN
منظرك, 9,
اتفوه, 9,TN
تهبط, 9,TN
وش, 9,TN
أجمل, 9,
المخرج, 9,
عيد, 9,
كلمتين, 9,
كبرت, 9,
شيئا, 9,
أشرف, 9,
عسولة, 9,TN
تحشم, 9,TN
تعاود, 9,TN
غيرهم, 9,
أجل, 9,
حومة, 9,TN
بالكم, 9,
اشباه, 9,
فهمت, 9,
ثمة, 9,TN
بيننا, 9,
معل, 9,TN
عالحيط, 9,TN
امكم, 9,
الجاية, 9,TN
يجيك, 9,TN
منيك, 9,TN
تعاني, 9,
تحكو, 9,TN
بلادو, 9,TN
لكلها, 9,TN
خالد, 9,NE
ونوفل, 9,NE
الزبلة, 9,TN
معجبتنيش, 9,TN
قهوة, 9,
الأمل, 9,
المجاري, 9,
عديم, 9,
حشمة, 9,
نعلة, 9,TN
الدم, 9,
وصلنا, 9,
يموت, 9,
ناري, 9,
فكاهي, 9,
عز, 9,
بشر, 9,
علی, 9,
منصب, 9,
تفهم, 9,
شريف, 9,
امسخ, 9,TN
الافكار, 9,
بالخط, 9,
الممثل, 9,
حبس, 9,TN
الزح, 9,TN
بب, 9,NOISE
ضرب, 9,
عايلات, 9,TN
هذيكا, 9,TN
فهمتش, 9,TN
بقلة, 9,TN
كلاس, 9,TN
مجموعة, 9,
غربية, 9,
برهان, 9,
لقناة, 9,
هاي, 9,TN
لولا, 9,
التنشيط, 9,
الرجيم, 9,TN
يسب, 9,
مواقف, 9,
صاير, 9,TN
حمار, 9,
الضيف, 9,
اسمك, 9,
صباحك, 9,
تحيل, 9,
مشا, 9,TN
رايك, 9,TN
صنع, 9,
الشعوب, 9,
خرج, 9,
عظيم, 9,
حسان, 9,
لقيت, 9,
الماسطة, 9,TN
كوثر, 9,NE
لعزيزة, 9,TN
الاخيرة, 9,
ممثله, 9,
يكفي, 9,
سبيل, 9,
الزمان, 9,
قضايا, 9,
نظام, 9,
مبارك, 9,
غيرها, 9,
لبعض, 9,
السماح, 9,
السياسي, 9,
كره, 9,
وزارة, 9,
نربح, 9,
قيادة, 9,
يوفقها, 9,
الأبله, 9,
اخدم, 9,
الاعمال, 9,
اسلامي, 9,
وبو, 9,NOISE
محرم, 9,
الاستاذة, 9,
انوا, 9,TN
تمثيلها, 9,
اليحياوي, 9,NE
المشاهدين, 8,
تعديو, 8,TN
بر, 8,TN
يهز, 8,TN
عبدك, 8,
الشهادة, 8,
يشفيه, 8,
عملتها, 8,
الإعلامي, 8,
يضرب, 8,
ياسمير, 8,NE
القيم, 8,
سيئة, 8,
يسر, 8,
آمين, 8,
نلوم, 8,
موافقني, 8,
ظهور, 8,
يهديه, 8,
ملف, 8,
يفدد, 8,TN
مثقفين, 8,
الحالة, 8,
ولطفي, 8,NE
خاطرو, 8,TN
قنات, 8,NOISE
شبه, 8,
الثامن, 8,
الصفاقسية, 8,NE
وقاحة, 8,
ماء, 8,
يتفرجو, 8,TN
أنتي, 8,TN
وامثالك, 8,
ممصتو, 8,TN
اعمال, 8,
الزبالة, 8,
قش, 8,TN
طفل, 8,
إنها, 8,
الهانة, 8,TN
علها, 8,
القلوب, 8,
سخافة, 8,
نقولها, 8,
استر, 8,
كافر, 8,
ﻓﻴﻚ, 8,
منازع, 8,
اللعنة, 8,
ماللخر, 8,TN
بوهالي, 8,TN
الشعر, 8,
دعوة, 8,
هدي, 8,
عاهرات, 8,
بنتها, 8,
غلطت, 8,
النوع, 8,
ملاح, 8,
يقود, 8,
يحس, 8,
نعيش, 8,
صعيبة, 8,TN
كبر, 8,
الشيء, 8,
وكانت, 8,
زواج, 8,
الأب, 8,
زاده, 8,TN
ياعلاء, 8,NE
اعلم, 8,
يقدم, 8,
حقك, 8,
وعلاش, 8,TN
وتكون, 8,
حياتو, 8,TN
وبين, 8,
يحفضهم, 8,
الحمدلله, 8,NOISE
ليهم, 8,TN
اللهجة, 8,
ونتمنى, 8,
باه, 8,TN
والناس, 8,
يلقى, 8,
والدين, 8,
عادية, 8,
طيبه, 8,
لعلاء, 8,NE
أروع, 8,
هادا, 8,NOISE
الطفلة, 8,
للجميع, 8,
مزيدا, 8,
ظهرت, 8,
بحجة, 8,
حاشاكم, 8,
يسمع, 8,
مدة, 8,
الزمن, 8,
راجلك, 8,TN
لانو, 8,TN
وتحب, 8,
معا, 8,
يبقي, 8,
داركم, 8,
حاول, 8,
حمد, 8,
تعالى, 8,
واحترام, 8,
عبرة, 8,
جزاك, 8,
عمره, 8,
الجزائري, 8,NE
برغم, 8,
قالي, 8,TN
وراك, 8,TN
العيش, 8,
معه, 8,
مقبولة, 8,
لبرنامجك, 8,
اليك, 8,
كمال, 8,
لكنه, 8,
وإلي, 8,
هامل, 8,TN
لأنه, 8,
تفرجت, 8,
النفس, 8,
عمرنا, 8,
وتوا, 8,TN
واحلا, 8,TN
ربك, 8,
يدك, 8,
شو, 8,TN
العايلة, 8,TN
رنا, 8,TN
نشاالله, 8,TN
مزالت, 8,TN
العبيدي, 8,NE
ﻛﻞ, 8,
ﻛﻨﺖ, 8,
ﻋﺎﺋﺸﺔ, 8,NE
غالي, 8,
الحبيب, 8,
شحال, 8,ALG
مدرسة, 8,
تنبح, 8,
يهمك, 8,
حنبعل, 8,NE
اهه, 8,TN
دماء, 8,
نفهم, 8,
الطحان, 8,TN
وعندو, 8,TN
صارت, 8,
كبار, 8,
جابت, 8,TN
بكري, 8,TN
طالع, 8,
قليلة, 8,
حبيبي, 8,
حرة, 8,
شالله, 8,NOISE
الاسم, 8,
شوفو, 8,TN
اعاقة, 8,
يكونو, 8,TN
ربح, 8,
فيسع, 8,TN
فلسطين, 8,NE
رقم, 8,
يخي, 8,TN
شهادة, 8,
عظيمة, 8,
عندوا, 8,TN
أمها, 8,
التوانسا, 8,NE
بحذا, 8,TN
اتقوا, 8,
مما, 8,
الاحد, 8,
شكل, 8,
السر, 8,
ماشين, 8,TN
تفادي, 8,
مبعد, 8,TN
جرذ, 8,
دقيقة, 8,
ادوار, 8,
للعباد, 8,
ننسى, 8,
مسخة, 8,TN
الفكاهة, 8,
وبسام, 8,NE
تحفة, 8,
البشرية, 8,
راب, 8,NE
وفوزي, 8,NE
السجن, 8,
قناه, 8,
وبش, 8,TN
شخصيه, 8,
الامن, 8,
المسلم, 8,
خريت, 8,TN
اغلب, 8,
امارك, 8,TN
نجح, 8,
خرية, 8,TN
موهوب, 8,
ويعجبني, 8,
النهار, 8,
أصبحت, 8,
بسم, 8,
مشالله, 8,NOISE
حوار, 8,
الفرنسية, 8,NE
وشوف, 8,TN
كرهت, 8,
عايشة, 8,TN
مافماش, 8,TN
قدم, 8,
حقيقتك, 8,
الماء, 8,
أحنا, 8,TN
الفسق, 8,
الجيل, 8,
الثقافية, 8,
اله, 8,
أنها, 8,
يحميهم, 8,
بنتي, 8,TN
النوم, 8,
مسؤولية, 8,
بوهم, 8,TN
تباركالله, 8,TN
اخيب, 8,TN
ايه, 8,TN
وجهه, 8,
يتم, 8,
الترويكا, 8,NE
الوضع, 8,
وينك, 8,TN
حضور, 8,
قبي, 8,TN
برشى, 8,NOISE
الاجتماعية, 8,
ليبي, 8,NE
ميسالش, 8,TN
تركيا, 8,NE
لاخر, 8,TN
يشد, 8,
بني, 8,
القدس, 8,NE
تبيض, 8,
باتم, 8,
الفني, 8,
للفساد, 8,
قواعد, 8,
يظهر, 8,
ثلاثة, 8,
الت, 8,NOISE
يخص, 8,
يوصل, 8,
فكر, 8,
شطر, 8,
مهم, 8,
تتفرجو, 8,TN
البرويطة, 8,TN
الساحة, 8,
الآن, 8,
ضايع, 8,TN
الحقد, 8,
ياولد, 8,
لوح, 8,
الشاب, 8,
السماء, 8,
اخيرا, 8,
لدى, 8,
أحسنت, 8,
نراك, 8,TN
الحلال, 8,
يجري, 8,
الفعل, 8,
كذبة, 8,
وتافه, 8,
مخيبها, 8,TN
الابداع, 8,
الراي, 8,
يبدأ, 8,
الهاتف, 8,
صفاقس, 8,NE
سيناريو, 8,BORROW
معنا, 8,
زياد, 8,NE
أصبح, 8,
التى, 8,
رحم, 8,
قدرة, 8,
الموقف, 8,
منطقي, 8,
مزية, 8,TN
الشهر, 8,
بردتنا, 8,NOISE
وكريم, 8,
الشكر, 8,
وياسر, 8,TN
رءيس, 8,NOISE
الجمهورية, 8,
الوزراء, 8,
الخامج, 8,TN
مبرووك, 8,NOISE
توري, 8,
تفدليكو, 8,TN
تربيه, 8,TN
الفارغ, 8,
اووف, 8,TN
أشبيه, 8,TN
اسف, 8,
الدلاجي, 8,NE
الفنانات, 8,
صريح, 8,
رااجل, 8,TN
اللحم, 7,
مصاب, 7,
قناتكم, 7,
لتو, 7,NOISE
بروحك, 7,
سفيه, 7,
المتخلف, 7,
جايبها, 7,TN
الفاسدة, 7,
تكب, 7,TN
أشباه, 7,
العمومية, 7,
وفات, 7,TN
للهاوية, 7,TN
ريق, 7,TN
هالمسلسل, 7,TN
ماد, 7,TN
ومنحط, 7,
الجاير, 7,TN
ايا, 7,TN
المازني, 7,NE
بطاله, 7,TN
ماسيخ, 7,TN
أسد, 7,
كلوشار, 7,BORROW
همل, 7,TN
العصر, 7,
موبن, 7,TN
شلة, 7,TN
رضا, 7,NE
مهوش, 7,TN
با, 7,TN
الفقراء, 7,
ممسطوو, 7,TN
برة, 7,TN
وارجع, 7,
يخدمو, 7,TN
هالشهر, 7,TN
طويلة, 7,
فتاة, 7,
مساكن, 7,"MSA,TN"
خليفة, 7,"NE,MSA"
خلاه, 7,TN
الطلاق, 7,
عيش, 7,TN
نحكي, 7,
حلال, 7,
الأخيرة, 7,
كفاش, 7,TN
يبان, 7,
جزائر, 7,NE
نتاع, 7,TN
تشبه, 7,
بهذه, 7,
سبحانو, 7,TN
عينيك, 7,
صدقني, 7,
اكون, 7,
واذا, 7,
بإذن, 7,
سعيدة, 7,
اظن, 7,
ماعندوش, 7,TN
ياشيخ, 7,
سوء, 7,
تلفون, 7,TN
مذيع, 7,
نشوفك, 7,TN
يحفضكم, 7,
شابي, 7,NE
زيادة, 7,
تخاف, 7,
وعلاء, 7,NE
جيدا, 7,
بلي, 7,TN
اصبحنا, 7,
زمان, 7,
اننا, 7,
نابل, 7,NE
نفسيا, 7,
جاو, 7,TN
براافوو, 7,TN
الشقيقة, 7,
حلقات, 7,
نص, 7,TN
لسان, 7,
يبقاو, 7,TN
يتوب, 7,
حافظ, 7,NE
ويقول, 7,
بصفة, 7,
هز, 7,TN
المقدم, 7,
واعي, 7,
عمال, 7,
جيد, 7,
يحترم, 7,
فتح, 7,
عفوية, 7,
جائزة, 7,
نحبوكم, 7,TN
زعما, 7,TN
الأمر, 7,
وهيا, 7,TN
بالدموع, 7,
بدل, 7,
عبير, 7,
نقوللها, 7,TN
يدل, 7,
شخصيتها, 7,
أحمر, 7,
بنية, 7,
ربنا, 7,
معانا, 7,TN
ومثقف, 7,
الخطأ, 7,
وعين, 7,
استاذ, 7,
أرقى, 7,
جمالك, 7,
ﺍﻟﺠﺰﺍﺋﺮ, 7,NE
ﻋﺎﻳﺸﺔ, 7,NE
ﻋﺎﻫﺮﺓ, 7,
ﺻﺒﺎﺡ, 7,
ﺍﺣﻠﻰ, 7,
ﻭﷲ, 7,
عدو, 7,
محسن, 7,NE
ربحت, 7,
تحبك, 7,
روحه, 7,
تييت, 7,NOISE
جرتك, 7,TN
عدد, 7,
ثانيا, 7,
ضعف, 7,
بعضو, 7,TN
سى, 7,TN
أرجل, 7,
الجنسي, 7,
بيت, 7,
البشر, 7,
فسدت, 7,
هاكي, 7,TN
عشرة, 7,
آلله, 7,NOISE
سمعت, 7,
تشكي, 7,
الإذاعة, 7,
يباركلك, 7,TN
الرجولية, 7,TN
نفساني, 7,
ارزن, 7,
الفارغة, 7,
ويحكي, 7,
فور, 7,
معكم, 7,
غلاء, 7,
نواب, 7,
اعز, 7,
حولة, 7,TN
افشل, 7,
اللقطة, 7,
تحي, 7,TN
جنوب, 7,
الأحزاب, 7,
هيئة, 7,
معلول, 7,NE
الجزاءر, 7,NE
شماتة, 7,
جل, 7,
ضحكتها, 7,
حلا, 7,TN
الباب, 7,
الغناية, 7,TN
دارك, 7,
عزوز, 7,NE
ميساج, 7,TN
قفة, 7,
ضاهر, 7,NOISE
الحصان, 7,
القفة, 7,
ماما, 7,TN
كركوز, 7,TN
فاهمين, 7,
زفر, 7,TN
الجمعية, 7,
واليوم, 7,
الربح, 7,
تفييه, 7,TN
العيشة, 7,TN
الرسمي, 7,
انشاله, 7,TN
الايام, 7,
لدينا, 7,
دليلك, 7,
الفضح, 7,
امعاك, 7,TN
ريتش, 7,TN
احقر, 7,
المخور, 7,TN
تشجع, 7,
بيا, 7,TN
اكل, 7,
يعيف, 7,TN
مافهمتش, 7,TN
مايعجبنيش, 7,TN
حلوا, 7,TN
مارك, 7,TN
بالرجولية, 7,TN
الوجود, 7,
نعرفو, 7,TN
يحسب, 7,
المدارس, 7,
كذا, 7,
اتفووه, 7,TN
وخيتي, 7,TN
لسانو, 7,TN
تضرب, 7,
جاية, 7,TN
شراب, 7,
متعرفش, 7,TN
صدقوني, 7,
ملى, 7,TN
الجملة, 7,
عوض, 7,
كراكوز, 7,TN
نقصو, 7,TN
معي, 7,
فضلكم, 7,
كرامة, 7,
موهر, 7,TN
ريان, 7,
بيدو, 7,TN
معرس, 7,TN
ساكت, 7,
الخوانجية, 7,TN
راشد, 7,
السؤال, 7,
بسيط, 7,
الفضيل, 7,
تخلف, 7,
فيديو, 7,TN
الفنية, 7,
خفيفة, 7,
والتي, 7,
نحبوا, 7,TN
كتب, 7,
وجهة, 7,
اسباب, 7,
الفهرى, 7,NE
الثانية, 7,
وجود, 7,
خاطرها, 7,"MSA,TN"
تمد, 7,TN
تونسيه, 7,NE
عاجبو, 7,TN
فمها, 7,
يخلي, 7,TN
الاحيان, 7,
نشارك, 7,
مخرج, 7,
الجماعة, 7,
عالي, 7,
الفكرة, 7,
محلاهاا, 7,TN
بس, 7,NOISE
ماحلاها, 7,TN
ماشية, 7,"MSA,TN"
حاسب, 7,
يبدو, 7,"MSA,TN"
تعرفش, 7,TN
نادرة, 7,
نسيت, 7,
جرأة, 7,
شوفوا, 7,TN
يالطفي, 7,NE
ديراكت, 7,TN
بلغة, 7,
ولن, 7,
كبيير, 7,NOISE
اكهو, 7,TN
العقل, 7,
المفسدين, 7,
اهلا, 7,
تعيف, 7,TN
وه, 7,TN
وابن, 7,
يولد, 7,"MSA,TN"
القحبه, 7,TN
منغير, 7,TN
العابدين, 7,"NE,MSA"
كثرلها, 7,TN
الأمن, 7,
عصر, 7,
تكمل, 7,
نهارك, 7,
بضحك, 7,
برفوو, 7,TN
الصراحة, 7,
هانك, 7,NOISE
الخليج, 7,
شركة, 7,
وطن, 7,
العاار, 7,NOISE
قاتل, 7,
اا, 7,NOISE
وخميسة, 7,NE
الاسعار, 7,
واصلوا, 7,
رووعه, 7,TN
عملك, 7,
بالمساطة, 7,TN
برافواا, 7,TN
ڨمرة, 7,NE
هاتف, 7,
رهج, 7,TN
الافلام, 7,
طبعا, 7,
الشريف, 7,
لتوا, 7,TN
سلطانة, 7,
فيما, 7,
تجاه, 7,
بالفعل, 7,
العياري, 7,NE
الإغتصاب, 7,
فان, 7,NOISE
تجمع, 7,
الرسالة, 7,
بأن, 7,
الس, 7,NOISE
روسيا, 7,NE
أيضا, 7,
اس, 7,NOISE
الخزي, 7,
امثال, 7,
الاعدام, 7,
سعدو, 7,TN
عودة, 7,
تحمل, 7,
وشمس, 7,
يعود, 7,
بديت, 7,TN
قالولي, 7,TN
تطبيق, 7,
الش, 7,NOISE
نوبل, 7,NE
عاجل, 7,
عارف, 7,
جبان, 7,
مشروع, 7,
والحق, 7,
يأتي, 7,
المبادرة, 7,
بقوة, 7,
سيكون, 7,
البركة, 7,
سنا, 7,TN
انترنات, 7,TN
رفيع, 7,
نقصوا, 7,TN
القصرين, 7,NE
العسل, 7,
متميز, 7,
العجب, 7,
ويحميك, 7,
تستدعي, 7,
اتصالات, 7,
التعبير, 7,
شياطين, 7,
نزيه, 7,
انشاالله, 7,NOISE
الصغير, 7,
اخييت, 7,TN
اللحاس, 7,TN
نحسها, 7,TN
نجمة, 7,
مفسد, 7,
المنظر, 7,
سنبل, 7,NE
دبي, 7,NE
توه, 7,TN
تسكر, 7,TN
قاضي, 7,
بالقوي, 7,TN
يناقش, 7,
وطني, 7,
ناقشوا, 7,
نهى, 7,NOISE
المساجين, 7,
اليلة, 7,
نبارة, 7,TN
بلاتو, 7,TN
مستدعيه, 7,TN
محلها, 7,TN
خطاب, 7,
متميزة, 7,
تراز, 7,TN
لهاتة, 7,TN
مريومة, 7,NE
الصدق, 7,
نبيلة, 7,
وعار, 6,
الريق, 6,TN
تصاور, 6,TN
العرا, 6,TN
تعرفو, 6,TN
إنشالله, 6,NOISE
كوارث, 6,
الكسوري, 6,NE
نعرفها, 6,
شنيا, 6,TN
النكرة, 6,
هالمارك, 6,TN
فرنك, 6,TN
القهوة, 6,
ون, 6,NOISE
يهلك, 6,
يزيدو, 6,TN
تلحيس, 6,TN
جي, 6,TN
الحزب, 6,
للارهاب, 6,
تاجر, 6,
تحبوا, 6,
لأنهم, 6,
تاريخك, 6,
وخي, 6,TN
سطحي, 6,
ياسيدي, 6,
هالقناة, 6,TN
مرزنك, 6,TN
بركا, 6,TN
يعنييك, 6,NOISE
القادم, 6,
معبي, 6,TN
المنشطين, 6,
اسقط, 6,
بمرض, 6,
ولدو, 6,TN
الدواعش, 6,NE
ليت, 6,
الكارثة, 6,
جنسيا, 6,
سن, 6,
دوله, 6,
إنسانية, 6,
بدأت, 6,
لابد, 6,
يدور, 6,
تغطي, 6,
منضر, 6,TN
نشد, 6,
ننصحك, 6,"MSA,TN"
سيدو, 6,TN
ملائكة, 6,
الادب, 6,
ثعلوبة, 6,TN
مهبول, 6,TN
ويرجع, 6,
للغاية, 6,
لأنك, 6,
وناس, 6,
فهم, 6,
نظيفة, 6,
طاهر, 6,"NE,MSA"
كلامه, 6,
البنية, 6,
حنين, 6,
زوج, 6,
رفع, 6,
لمدة, 6,
لولاد, 6,TN
يحفظها, 6,
ابوها, 6,
تعبت, 6,
تعلق, 6,
شك, 6,
بالعمل, 6,
الصح, 6,
عايلتو, 6,TN
بحاجة, 6,
ثماش, 6,TN
مشي, 6,TN
تحط, 6,"MSA,TN"
بينهم, 6,
يعرفوه, 6,TN
تلقا, 6,TN
عنهم, 6,
قداه, 6,TN
سنه, 6,
باباك, 6,TN
ورب, 6,
حط, 6,TN
يعرفو, 6,TN
الاولاد, 6,
شابة, 6,
كرسي, 6,
نشكر, 6,
ايطاليا, 6,NE
اعداء, 6,
محترف, 6,
مقنع, 6,
نتمني, 6,"MSA,TN"
شفتها, 6,"MSA,TN"
والو, 6,TN
ورد, 6,
العلي, 6,
الخرا, 6,TN
تاخذ, 6,
شملهم, 6,
جال, 6,NOISE
العكس, 6,
محله, 6,
يدير, 6,
الروعة, 6,
ويعرف, 6,
ونشالله, 6,TN
عنابة, 6,NE
أخوكم, 6,
عم, 6,
يحسن, 6,
الأخير, 6,
بعضها, 6,
الجنة, 6,
وبربي, 6,TN
راجلي, 6,TN
المجهودات, 6,
ضهر, 6,NOISE
تم, 6,
ضيوفه, 6,
استطاع, 6,
والديكم, 6,
شخصيتك, 6,
خصوصا, 6,
المبدع, 6,
وهذه, 6,
الامر, 6,
يحفظكم, 6,
مين, 6,NOISE
فوور, 6,NOISE
ونص, 6,TN
مشكل, 6,
الشهرة, 6,
اضحك, 6,
وتقول, 6,
صالحة, 6,"NE,MSA"
زوجة, 6,
أعلى, 6,
يرحمها, 6,
بوكم, 6,TN
يبكي, 6,
متحجبة, 6,
تنسى, 6,
مسؤول, 6,
روحا, 6,NOISE
ميت, 6,
كلامي, 6,
تتمنى, 6,
الشي, 6,
وغير, 6,
ياتي, 6,
الخط, 6,
تلم, 6,
يعتيك, 6,
نتابع, 6,
العائلات, 6,
دايما, 6,
لأنو, 6,TN
نداء, 6,
ارجو, 6,
يسلم, 6,
المحترمين, 6,
والثقافة, 6,
