اب,MSA
ابداع,MSA
ابن,MSA
ابوها,MSA
اتصالات,MSA
اتفه,MSA
اتفوه,TN
اتفووه,TN
اتقوا,MSA
اتمنى,MSA
اجل,MSA
اجمل,MSA
احب,MSA
احترام,MSA
احتراماتي,MSA
احترامي,MSA
احترم,MSA
احد,MSA
احساس,MSA
احسن,MSA
احسنت,MSA
احشم,TN
احقر,MSA
احلا,MSA
احلى,MSA
احلي,MSA
احمد,MSA
احمر,MSA
احنا,TN
اخ,MSA
اختكم,MSA
اختي,MSA
اختيار,MSA
اخخ,TN
اخدم,MSA
اخر,MSA
اخرى,MSA
اخلاق,MSA
اخلاقي,MSA
اخوكم,MSA
اخي,MSA
اخيب,TN
اخيرا,MSA
اخييت,TN
ادوار,MSA
اذا,MSA
اذاعة,MSA
ارجع,MSA
ارجل,MSA
ارجو,MSA
ارزن,MSA
ارقى,MSA
ارهابي,MSA
اروع,MSA
اساس,MSA
اسباب,MSA
اسبوع,MSA
استاذ,MSA
استاذة,MSA
استر,MSA
استطاع,MSA
استغفر,MSA
اسد,MSA
اسف,MSA
اسقط,MSA
اسلامي,MSA
اسم,MSA
اسمك,MSA
اسمه,MSA
اسمها,MSA
اسمو,TN
اسيادك,MSA
اش,TN
اشباه,MSA
اشبيه,TN
اشرف,MSA
اشكال,MSA
اشكون,TN
اصبح,MSA
اصبحت,MSA
اصبحنا,MSA
اصل,MSA
اصلا,MSA
اضحك,MSA
اظن,MSA
اعاقة,MSA
اعداء,MSA
اعز,MSA
اعلام,MSA
اعلامي,MSA
اعلم,MSA
اعلى,MSA
اعمال,MSA
اعمل,MSA
اعوذ,MSA
اغلب,MSA
اف,MSA
افشل,MSA
افضل,MSA
افف,TN
افكار,MSA
افلام,MSA
اقرب,MSA
اقسم,MSA
اقل,MSA
اقول,MSA
اقوى,MSA
اك,TN
اكا,TN
اكبر,MSA
اكثر,MSA
اكل,MSA
اكهو,TN
اكون,MSA
اكيد,MSA
الا,MSA
الاب,MSA
الابداع,MSA
الابله,MSA
الاجتماعي,MSA
الاجتماعية,MSA
الاحترام,MSA
الاحد,MSA
الاحزاب,MSA
الاحيان,MSA
الاخ,MSA
الاخر,MSA
الاخلاق,MSA
الاخلاقي,MSA
الاخوان,MSA
الاخير,MSA
الاخيرة,MSA
الادب,MSA
الاذاعة,MSA
الارض,MSA
الارهاب,MSA
الاستاذة,MSA
الاسعار,MSA
الاسلام,MSA
الاسلامي,MSA
الاسلامية,MSA
الاسم,MSA
الاعدام,MSA
الاعلام,MSA
الاعلامي,MSA
الاعمال,MSA
الاغتصاب,MSA
الافكار,MSA
الافلام,MSA
الاقل,MSA
الامام,MSA
الامر,MSA
الامل,MSA
الامن,MSA
الان,MSA
الانسان,MSA
الانسانية,MSA
الاول,MSA
الاولاد,MSA
الاولى,MSA
الايام,MSA
الباب,MSA
البارح,TN
الباقي,MSA
البحر,MSA
البرامج,MSA
البركة,MSA
البرنامج,MSA
البرويطة,TN
البشر,MSA
البشرية,MSA
البصل,MSA
البطالة,MSA
البعض,MSA
البلاد,MSA
البلد,MSA
البنات,MSA
البنت,MSA
البنية,MSA
البهامة,TN
البهيم,MSA
التاريخ,MSA
التاسعة,MSA
التافه,MSA
التافهة,MSA
التجمع,MSA
التربية,MSA
التعبير,MSA
التفاهة,MSA
التقدير,MSA
التلفزة,MSA
التمثيل,MSA
التنشيط,MSA
التهريج,MSA
التواصل,MSA
التوانسة,TN
التوفيق,MSA
التونسيات,MSA
التونسية,MSA
التى,MSA
التي,MSA
الثامن,MSA
الثانية,MSA
الثقافة,MSA
الثقافية,MSA
الثقة,MSA
الثقيل,MSA
الثورة,MSA
الجاية,TN
الجاير,TN
الجحيم,MSA
الجديد,MSA
الجريمة,MSA
الجزء,MSA
الجسد,MSA
الجماعة,MSA
الجمال,MSA
الجمعية,MSA
الجملة,MSA
الجمهور,MSA
الجمهورية,MSA
الجميع,MSA
الجنة,MSA
الجنس,MSA
الجنسي,MSA
الجنسية,MSA
الجنوب,MSA
الجهل,MSA
الجو,MSA
الجيل,MSA
الحاجة,MSA
الحال,MSA
الحالة,MSA
الحب,MSA
الحبس,TN
الحبيب,MSA
الحبيبة,MSA
الحجامة,TN
الحديث,MSA
الحديدية,MSA
الحرام,MSA
الحرب,MSA
الحرية,MSA
الحزب,MSA
الحصان,MSA
الحصة,MSA
الحق,MSA
الحقد,MSA
الحقيقة,MSA
الحقيقي,MSA
الحقيقية,MSA
الحكاية,MSA
الحكم,MSA
الحكومة,MSA
الحل,MSA
الحلال,MSA
الحلقات,MSA
الحلقة,MSA
الحلقه,MSA
الحلول,MSA
الحمار,MSA
الحمد,MSA
الحوار,MSA
الحياء,MSA
الحياة,MSA
الخ,TN
الخالق,MSA
الخامج,TN
الخدمة,MSA
الخرا,TN
الخزي,MSA
الخضراء,MSA
الخط,MSA
الخطا,MSA
الخطاب,MSA
الخليج,MSA
الخمج,TN
الخمر,MSA
الخوانجية,TN
الخير,MSA
الد,MSA
الدار,MSA
الدعارة,MSA
الدم,MSA
الدنيا,MSA
الدور,MSA
الدول,MSA
الدولة,MSA
الديك,MSA
الدين,MSA
الديوث,MSA
الذي,MSA
الذين,MSA
الرئيس,MSA
الرائع,MSA
الراجل,TN
الراس,MSA
الراي,MSA
الربح,MSA
الرجاء,MSA
الرجال,MSA
الرجل,MSA
الرجولية,TN
الرجيم,TN
الرحمان,MSA
الرد,MSA
الرداءة,MSA
الرذيلة,MSA
الرسالة,MSA
الرسمي,MSA
الرواسي,MSA
الروح,MSA
الروعة,MSA
الريحة,TN
الريق,TN
الزبالة,MSA
الزبلة,TN
الزح,TN
الزمان,MSA
الزمن,MSA
الزناطير,TN
الزنطور,TN
الزواج,MSA
الزوالي,TN
الزوز,TN
الزين,TN
السؤال,MSA
الساحة,MSA
الساعة,MSA
السبب,MSA
السجن,MSA
السر,MSA
السراق,MSA
السرقة,MSA
السلام,MSA
السلطة,MSA
السماء,MSA
السماح,MSA
السنة,MSA
السياسة,MSA
السياسي,MSA
السياسية,MSA
السياسيين,MSA
السيد,MSA
السيدة,MSA
الشاب,MSA
الشارع,MSA
الشاشة,MSA
الشاهد,MSA
الشباب,MSA
الشخص,MSA
الشخصية,MSA
الشر,MSA
الشرف,MSA
الشريف,MSA
الشعب,MSA
الشعر,MSA
الشعري,MSA
الشعوب,MSA
الشقيقة,MSA
الشكر,MSA
الشمس,MSA
الشهادة,MSA
الشهر,MSA
الشهرة,MSA
الشواذ,MSA
الشي,MSA
الشيء,MSA
الشيب,MSA
الشيخ,MSA
الشيطان,MSA
الصادق,MSA
الصافي,MSA
الصباح,MSA
الصبر,MSA
الصح,MSA
الصحة,MSA
الصحه,MSA
الصحيح,MSA
الصدق,MSA
الصراحة,MSA
الصغار,MSA
الصغير,MSA
الصورة,MSA
الضحك,MSA
الضحكة,MSA
الضرب,MSA
الضيف,MSA
الضيوف,MSA
الطاهر,MSA
الطحان,TN
الطحانة,TN
الطحين,MSA
الطريق,MSA
الطفل,MSA
الطفلة,MSA
الطلاق,MSA
الطيب,MSA
الطيبة,MSA
العائلات,MSA
العائلة,MSA
العابدين,MSA
العار,MSA
العالم,MSA
العالمين,MSA
العام,MSA
العامة,MSA
العاهرات,MSA
العاهرة,MSA
العايلة,TN
العباد,MSA
العجب,MSA
العدل,MSA
العرا,TN
العرب,MSA
العربي,MSA
العربية,MSA
العريض,MSA
العزيز,MSA
العزيزة,MSA
العسل,MSA
العصر,MSA
العظيم,MSA
العقل,MSA
العكس,MSA
العلم,MSA
العلي,MSA
العمر,MSA
العمل,MSA
العمومية,MSA
العنف,MSA
العهر,MSA
العيب,MSA
العيش,MSA
العيشة,TN
العين,MSA
الغالية,MSA
الغرب,MSA
الغربي,MSA
الغناء,MSA
الغناية,TN
الف,MSA
الفاحشة,MSA
الفارغ,MSA
الفارغة,MSA
الفاسد,MSA
الفاسدة,MSA
الفاسدين,MSA
الفاهم,MSA
الفة,MSA
الفتاح,MSA
الفتنة,MSA
الفساد,MSA
الفسق,MSA
الفشل,MSA
الفضايح,TN
الفضح,MSA
الفضيل,MSA
الفعل,MSA
الفقر,MSA
الفقراء,MSA
الفكاهة,MSA
الفكرة,MSA
الفل,MSA
الفلوس,TN
الفن,MSA
الفنان,MSA
الفنانات,MSA
الفنانة,MSA
الفنانين,MSA
الفني,MSA
الفنية,MSA
القادم,MSA
القادمة,MSA
القاضي,MSA
القانون,MSA
القتل,MSA
القحب,TN
القحبة,TN
القحبه,TN
القران,MSA
القضاء,MSA
القفة,MSA
القلب,MSA
القلوب,MSA
القمة,MSA
القناة,MSA
القنوات,MSA
القهوة,MSA
القوانين,MSA
القوة,MSA
القيم,MSA
الكارثة,MSA
الكبار,MSA
الكبير,MSA
الكبيرة,MSA
الكثير,MSA
الكذب,MSA
الكريم,MSA
الكل,MSA
الكلاب,MSA
الكلام,MSA
الكلب,MSA
الكلمة,MSA
الكلها,TN
اللحاس,TN
اللحم,MSA
اللطف,MSA
اللعنة,MSA
اللقطة,MSA
الله,MSA
اللهجة,MSA
اللهم,MSA
اللواط,MSA
اللوح,MSA
اللى,TN
اللي,TN
الليلة,MSA
الماء,MSA
الماخور,MSA
الماسط,TN
الماسطة,TN
المال,MSA
المبادرة,MSA
المباشر,MSA
المبدع,MSA
المتخلف,MSA
المثل,MSA
المثلية,MSA
المثليين,MSA
المجاري,MSA
المجتمع,MSA
المجلس,MSA
المجهودات,MSA
المحترمين,MSA
المخرج,MSA
المخور,TN
المدارس,MSA
المرا,TN
المراة,MSA
المرة,MSA
المساجين,MSA
المساطة,TN
المستقبل,MSA
المستوى,MSA
المسخ,TN
المسرح,MSA
المسكين,MSA
المسلسل,MSA
المسلسلات,MSA
المسلم,MSA
المسلمين,MSA
المشاكل,MSA
المشاهد,MSA
المشاهدة,MSA
المشاهدين,MSA
المشكل,MSA
المشكلة,MSA
المصير,MSA
المعلم,MSA
المعنى,MSA
المفروض,MSA
المفسدين,MSA
المفيد,MSA
المقدم,MSA
المكان,MSA
الممثل,MSA
الممثلات,MSA
الممثلين,MSA
المناسب,MSA
المنافق,MSA
المنافقين,MSA
المنحط,MSA
المنشط,MSA
المنشطين,MSA
المنظر,MSA
المهم,MSA
المواضيع,MSA
المواطن,MSA
الموت,MSA
الموضوع,MSA
الموقف,MSA
الميبون,TN
الن,MSA
النادي,MSA
النار,MSA
الناس,MSA
النجاح,MSA
النداء,MSA
النزول,MSA
النساء,MSA
النظر,MSA
النفاق,MSA
النفس,MSA
النكرة,MSA
النهار,MSA
النهاية,MSA
النهضة,MSA
النواب,MSA
النور,MSA
النوع,MSA
النوم,MSA
اله,MSA
الهاتف,MSA
الهانة,TN
الهم,MSA
الواحد,MSA
الوافي,MSA
الواقع,MSA
الوالدين,MSA
الوبنة,TN
الوجود,MSA
الوجوه,MSA
الوحيد,MSA
الوحيدة,MSA
الورد,MSA
الوزراء,MSA
الوزير,MSA
الوضع,MSA
الوطن,MSA
الوطنية,MSA
الوقت,MSA
الوكيل,MSA
الوهرة,TN
الى,MSA
الي,MSA
اليك,MSA
اليلة,MSA
اليه,MSA
اليهود,MSA
اليوم,MSA
ام,MSA
اما,MSA
امارك,TN
امام,MSA
امان,MSA
امانة,MSA
امثال,MSA
امثالك,MSA
امراة,MSA
امسخ,TN
امسط,TN
امشي,MSA
امصط,TN
امعاك,TN
امك,MSA
امكم,MSA
امها,MSA
امو,TN
امور,MSA
امي,MSA
امير,MSA
اميمة,TN
امين,MSA
ان,MSA
انا,MSA
انت,MSA
انترنات,TN
انتم,MSA
انتوما,TN
انتي,TN
انجم,TN
انحب,TN
انحطاط,MSA
انسان,MSA
انسانة,MSA
انسانية,MSA
انشاء,MSA
انشاله,TN
انصاف,MSA
انك,MSA
انكم,MSA
اننا,MSA
انه,MSA
انها,MSA
انهم,MSA
انو,TN
انوا,TN
اني,MSA
انيقة,MSA
اه,MSA
اهل,MSA
اهلا,MSA
اهم,MSA
اهه,TN
او,MSA
اول,MSA
اولا,MSA
اولاد,MSA
اووف,TN
اووه,TN
اي,MSA
ايا,TN
ايام,MSA
ايتها,MSA
ايضا,MSA
اين,MSA
ايه,TN
ايها,MSA
با,TN
باارشا,TN
باب,MSA
بابا,TN
باباك,TN
باتم,MSA
باذن,MSA
بارد,MSA
بارشا,TN
بارك,MSA
باسم,MSA
باش,TN
باشا,TN
باقي,MSA
بالتوفيق,MSA
بالحق,MSA
بالخط,MSA
بالدموع,MSA
بالدين,MSA
بالرجولية,TN
بالرسمي,MSA
بالرغم,MSA
بالسيف,MSA
بالضحك,MSA
بالعكس,MSA
بالعمل,MSA
بالف,MSA
بالفعل,MSA
بالقوي,TN
بالك,MSA
بالكم,MSA
بالله,MSA
بالمساطة,TN
بالنسبة,MSA
بالو,TN
بالي,MSA
بامتياز,MSA
بان,MSA
باه,TN
باهي,TN
باهية,TN
باي,MSA
باين,TN
باينة,TN
بتوفيق,MSA
بجاه,TN
بحاجة,MSA
بحجة,MSA
بحذا,TN
بخلاف,MSA
بخير,MSA
بدا,TN
بدات,MSA
بداية,MSA
بدر,MSA
بدل,MSA
بدون,MSA
بديت,TN
بر,TN
برا,TN
براافو,TN
براافوو,TN
براس,MSA
برافو,TN
برافوا,TN
برافواا,TN
برافوو,TN
برامج,MSA
برامجك,MSA
برامجكم,MSA
برب,MSA
بربي,MSA
برة,TN
برجوليا,TN
برجولية,MSA
بردتلي,TN
بردلي,TN
برسمي,TN
برش,TN
برشا,TN
برشاا,TN
برشة,TN
برشه,TN
برغم,MSA
برفو,TN
برفوو,TN
برك,TN
بركا,TN
برنامج,MSA
برنامجك,MSA
برهان,MSA
بروحك,MSA
برى,TN
بري,TN
بسام,MSA
بسبب,MSA
بسم,MSA
بسيط,MSA
بش,TN
بشر,MSA
بصراحة,MSA
بصراحه,MSA
بصفة,MSA
بضحك,MSA
بطاله,TN
بطريقة,MSA
بطل,MSA
بعد,MSA
بعض,MSA
بعضكم,MSA
بعضها,MSA
بعضهم,MSA
بعضو,TN
بعيد,MSA
بفف,TN
بقلة,TN
بقوة,MSA
بقية,MSA
بك,MSA
بكاتني,TN
بكري,TN
بكل,MSA
بل,MSA
بلا,MSA
بلاتو,TN
بلاد,MSA
بلادك,MSA
بلادنا,MSA
بلادو,TN
بلادي,MSA
بلاش,TN
بلاصة,TN
بلاصتك,TN
بلاصتو,TN
بلاهي,TN
بلحق,TN
بلد,MSA
بلغة,MSA
بلي,TN
بليد,MSA
بما,MSA
بمرض,MSA
بن,MSA
بنات,MSA
بنت,MSA
بنتك,TN
بنتها,MSA
بنتو,TN
بنتي,TN
بني,MSA
بنية,MSA
به,MSA
بها,MSA
بهايم,TN
بهذا,MSA
بهذه,MSA
بهم,MSA
بهيم,TN
بو,TN
بوك,TN
بوكم,TN
بوه,TN
بوها,TN
بوهالي,TN
بوهم,TN
بي,MSA
بيا,TN
بيت,MSA
بيدو,TN
بير,TN
بيك,TN
بيكم,TN
بين,MSA
بينا,TN
بيناتهم,TN
بيننا,MSA
بينهم,MSA
بيه,TN
بيها,TN
بيهم,TN
تاجر,MSA
تاخذ,MSA
تاريخ,MSA
تاريخك,MSA
تاع,TN
تاعب,MSA
تافه,MSA
تافهة,MSA
تافهين,MSA
تبا,MSA
تبارك,MSA
تباركالله,TN
تبدا,MSA
تبع,MSA
تبقى,MSA
تبكي,MSA
تبيض,MSA
تبييض,MSA
تتعلم,MSA
تتفرج,TN
تتفرجو,TN
تتكلم,MSA
تتمنى,MSA
تجاه,MSA
تجمع,MSA
تجمعي,MSA
تجي,TN
تجيب,MSA
تجيبو,TN
تجيبوه,TN
تحب,MSA
تحبك,MSA
تحبو,TN
تحبوا,MSA
تحت,MSA
تحترم,MSA
تحسها,MSA
تحسو,TN
تحشم,TN
تحشمش,TN
تحط,MSA
تحفة,MSA
تحفون,TN
تحفونة,TN
تحكم,MSA
تحكو,TN
تحكي,MSA
تحكيو,TN
تحل,MSA
تحمل,MSA
تحي,TN
تحيا,MSA
تحياتي,MSA
تحية,MSA
تحيفة,TN
تحيل,MSA
تحيه,MSA
تخاف,MSA
تخدم,TN
تخرج,MSA
تخلف,MSA
تدافع,MSA
تدخل,MSA
تراز,TN
تربح,MSA
تربحك,MSA
تربحكم,MSA
تربية,MSA
تربيه,TN
ترجع,MSA
تروح,MSA
تزيد,MSA
تسب,MSA
تستاهل,MSA
تستحق,MSA
تستحي,MSA
تستدعي,MSA
تسرق,MSA
تسكر,TN
تسمع,MSA
تسير,MSA
تشبه,MSA
تشجع,MSA
تشكي,MSA
تشوف,TN
تصاور,TN
تصلح,MSA
تضحك,MSA
تضرب,MSA
تطبيق,MSA
تظهر,MSA
تع,TN
تعالى,MSA
تعاني,MSA
تعاود,TN
تعب,MSA
تعبت,MSA
تعجبني,MSA
تعديو,TN
تعرف,MSA
تعرفش,TN
تعرفو,TN
تعطي,MSA
تعلق,MSA
تعلم,MSA
تعليق,MSA
تعمل,MSA
تعملو,MSA
تعملوا,MSA
تعيش,MSA
تعيف,TN
تغطي,MSA
تغني,MSA
تفادي,MSA
تفاهات,MSA
تفاهة,MSA
تفدليكو,TN
تفرج,MSA
تفرجت,MSA
تفهم,MSA
تفو,TN
تفوه,MSA
تفوو,TN
تفووه,TN
تفيه,TN
تفييه,TN
تقتل,MSA
تقدر,MSA
تقدم,MSA
تقدير,MSA
تقعد,MSA
تقول,MSA
تقوم,MSA
تكب,TN
تكبر,MSA
تكذب,MSA
تكركيرة,TN
تكلم,MSA
تكمل,MSA
تكون,MSA
تلحيس,TN
تلعب,MSA
تلفزة,MSA
تلفون,TN
تلقا,TN
تلقى,MSA
تلك,MSA
تلم,MSA
تلوج,TN
تم,MSA
تمثل,MSA
تمثيل,MSA
تمثيلها,MSA
تمد,TN
تمشي,MSA
تنبح,MSA
تنجح,MSA
تنجم,MSA
تنسى,MSA
تهبط,TN
تهبل,TN
تهريج,MSA
تهز,MSA
تو,TN
توا,TN
تواصل,MSA
توانسة,TN
توب,TN
توة,TN
توري,MSA
توصل,MSA
توفيق,MSA
تولي,TN
تونس,MSA
توه,TN
تي,TN
ثانيا,MSA
ثعلب,MSA
ثعلوبة,TN
ثقافة,MSA
ثقة,MSA
ثقيل,MSA
ثلاثة,MSA
ثم,MSA
ثماش,TN
ثمة,TN
ثورة,MSA
جا,TN
جاء,MSA
جائزة,MSA
جاب,TN
جابت,TN
جابك,TN
جابو,TN
جات,TN
جام,TN
جاهل,MSA
جاهلة,MSA
جاو,TN
جاي,TN
جايب,TN
جايبها,TN
جايبين,TN
جايبينو,TN
جاية,TN
جبالك,MSA
جبان,MSA
جبت,MSA
جبتو,TN
جبري,TN
جد,MSA
جدا,MSA
جدية,MSA
جديد,MSA
جديدة,MSA
جراة,MSA
جرتك,TN
جرذ,MSA
جزء,MSA
جزاك,MSA
جل,MSA
جماعة,MSA
جمال,MSA
جمالك,MSA
جمعة,MSA
جمعية,MSA
جملة,MSA
جمهور,MSA
جميع,MSA
جميعا,MSA
جميل,MSA
جميلة,MSA
جنسيا,MSA
جنسية,MSA
جنوب,MSA
جهة,MSA
جهنم,MSA
جو,MSA
جوادو,TN
جي,TN
جيب,MSA
جيبو,TN
جيت,TN
جيد,MSA
جيدا,MSA
جيعان,TN
حابة,TN
حاجات,TN
حاجة,MSA
حاجه,MSA
حاسب,MSA
حاشا,TN
حاشاكم,MSA
حال,MSA
حالة,MSA
حامد,MSA
حاول,MSA
حب,MSA
حبس,TN
حبيبي,MSA
حبيت,TN
حتا,TN
حتى,MSA
حتي,MSA
حثالة,MSA
حد,MSA
حرام,MSA
حرة,MSA
حركة,MSA
حرية,MSA
حزب,MSA
حساب,MSA
حسان,MSA
حسب,MSA
حسبنا,MSA
حسبي,MSA
حسرة,MSA
حسن,MSA
حشمة,MSA
حصة,MSA
حضور,MSA
حط,TN
حق,MSA
حقا,MSA
حقك,MSA
حقها,MSA
حقو,TN
حقوق,MSA
حقير,MSA
حقيرة,MSA
حقيقة,MSA
حقيقتك,MSA
حكايات,MSA
حكاية,MSA
حكم,MSA
حكومة,MSA
حل,MSA
حلا,TN
حلال,MSA
حلقات,MSA
حلقة,MSA
حلقه,MSA
حلو,MSA
حلوا,TN
حلوة,MSA
حلوه,MSA
حمار,MSA
حمام,MSA
حمد,MSA
حنان,MSA
حنين,MSA
حوار,MSA
حول,MSA
حولة,TN
حومة,TN
حي,MSA
حيا,TN
حياء,MSA
حياة,MSA
حياتك,MSA
حياتو,TN
حياتي,MSA
حيث,MSA
حيط,TN
حين,MSA
حيوان,MSA
خاتر,TN
خارج,MSA
خاص,MSA
خاصة,MSA
خاطر,TN
خاطرك,MSA
خاطرها,MSA
خاطرو,TN
خامج,TN
خامجة,TN
خايب,TN
خايبة,TN
خايف,TN
خبر,MSA
خدام,TN
خدم,MSA
خدمة,MSA
خدمتها,MSA
خرج,MSA
خرجت,MSA
خرية,TN
خريت,TN
خسارة,MSA
خصوصا,MSA
خط,MSA
خطاب,MSA
خطوة,MSA
خفيف,MSA
خفيفة,MSA
خلاص,MSA
خلال,MSA
خلاه,TN
خلق,MSA
خلوق,MSA
خلي,MSA
خليفة,MSA
خليقة,MSA
خليك,TN
خلينا,MSA
خماج,TN
خمج,TN
خمسة,MSA
خوانجي,TN
خوك,TN
خوه,TN
خويا,TN
خير,MSA
خيرا,MSA
خيرلك,TN
خييت,TN
دائما,MSA
داخل,MSA
دار,MSA
دارك,MSA
داركم,MSA
دارهم,MSA
دافع,MSA
دايما,MSA
دخل,MSA
دخلت,MSA
درجة,MSA
درس,MSA
دزاير,TN
دعارة,MSA
دعوة,MSA
دقيقة,MSA
دكتورة,MSA
دليل,MSA
دليلك,MSA
دم,MSA
دماء,MSA
دمت,MSA
دمك,MSA
دمو,TN
دنيا,MSA
دور,MSA
دورها,MSA
دولة,MSA
دوله,MSA
دون,MSA
ديراكت,TN
ديكور,MSA
ديما,TN
ديمة,TN
دين,MSA
ديننا,MSA
ديوث,MSA
ذات,MSA
ذكر,MSA
ذكي,MSA
ذلك,MSA
رئيس,MSA
رائع,MSA
رائعة,MSA
رااجل,TN
رااك,TN
راجع,MSA
راجل,TN
راجلك,TN
راجلها,TN
راجلي,TN
راح,MSA
راس,MSA
راسك,MSA
راسها,MSA
راسو,TN
راسي,MSA
راشد,MSA
راقي,MSA
راقية,MSA
راك,TN
راكم,TN
راكي,TN
رانا,TN
راني,TN
راه,TN
راهم,TN
راهو,TN
راهي,TN
راو,TN
راي,MSA
رايك,TN
رايها,MSA
رب,MSA
ربح,MSA
ربحت,MSA
ربك,MSA
ربما,MSA
ربنا,MSA
ربى,MSA
ربي,MSA
رجال,MSA
رجع,MSA
رجعت,MSA
رجعولنا,TN
رجل,MSA
رحم,MSA
رحمة,MSA
رخيص,MSA
رد,MSA
رزين,MSA
رزينة,MSA
رغم,MSA
رفع,MSA
رفيع,MSA
رقم,MSA
رك,TN
رنا,TN
رهج,TN
رهوط,TN
رواحكم,TN
رواحهم,TN
روح,MSA
روحك,MSA
روحه,MSA
روحها,MSA
روحو,TN
روحوا,TN
روحي,MSA
روعة,MSA
روعه,MSA
رووعه,TN
ريان,MSA
ريت,TN
ريتش,TN
ريتو,TN
ريح,TN
ريق,TN
زاد,MSA
زادا,TN
زادة,TN
زاده,TN
زازا,TN
زايد,TN
زب,TN
زبالة,TN
زبلة,TN
زبي,TN
زح,TN
زدت,MSA
زعما,TN
زعمة,TN
زفر,TN
زك,TN
زمان,MSA
زمن,MSA
زناطير,TN
زنطور,TN
زواج,MSA
زوج,MSA
زوجة,MSA
زوز,TN
زيادة,MSA
زيد,TN
زين,TN
زينة,MSA
زينك,TN
سؤال,MSA
سارق,MSA
ساعة,MSA
ساقط,MSA
ساكت,MSA
سامحني,MSA
سامى,MSA
سب,MSA
سبب,MSA
سبحان,MSA
سبحانو,TN
سبيل,MSA
ستر,MSA
سخافة,MSA
سخيف,MSA
سر,MSA
سراق,MSA
سرك,MSA
سطحي,MSA
سعدك,MSA
سعدو,TN
سعيد,MSA
سعيدة,MSA
سفيه,MSA
سكر,MSA
سلام,MSA
سلطانة,MSA
سلعة,MSA
سمعت,MSA
سن,MSA
سنا,TN
سنة,MSA
سنه,MSA
سنوات,MSA
سنين,MSA
سهرية,MSA
سوء,MSA
سوف,MSA
سوق,MSA
سوى,MSA
سى,TN
سي,TN
سيئة,MSA
سيادة,MSA
سياسة,MSA
سياسي,MSA
سياسية,MSA
سيب,TN
سيد,MSA
سيدة,MSA
سيدتي,MSA
سيدك,MSA
سيدو,TN
سيدي,MSA
سيكون,MSA
شئ,MSA
شاء,MSA
شابة,MSA
شارع,MSA
شاهد,MSA
شباب,MSA
شبعة,TN
شبه,MSA
شبيك,TN
شبيه,MSA
شبيها,TN
شخص,MSA
شخصيا,MSA
شخصية,MSA
شخصيتك,MSA
شخصيتها,MSA
شخصيه,MSA
شد,MSA
شر,MSA
شراب,MSA
شرف,MSA
شركة,MSA
شريف,MSA
شطر,MSA
شعب,MSA
شفت,MSA
شفتها,MSA
شفتو,TN
شك,MSA
شكر,MSA
شكرا,MSA
شكل,MSA
شكون,TN
شلاكة,TN
شلايك,TN
شلة,TN
شماتة,MSA
شمس,MSA
شملهم,MSA
شنو,TN
شنوا,TN
شنوة,TN
شنوه,TN
شنيا,TN
شنية,TN
شهادة,MSA
شهر,MSA
شو,TN
شوف,TN
شوفلي,TN
شوفو,TN
شوفوا,TN
شوي,TN
شويا,TN
شوية,TN
شويه,TN
شىء,MSA
شي,MSA
شيء,MSA
شيئ,MSA
شيئا,MSA
شياطين,MSA
شيب,MSA
شيخ,MSA
صاحب,MSA
صاحبي,MSA
صادق,MSA
صار,MSA
صارت,MSA
صافي,MSA
صالح,MSA
صالحة,MSA
صاير,TN
صباح,MSA
صباحك,MSA
صحة,MSA
صحفي,MSA
صحيح,MSA
صحيحة,MSA
صدق,MSA
صدقني,MSA
صدقوني,MSA
صراحة,MSA
صريح,MSA
صعيب,TN
صعيبة,TN
صغار,MSA
صغير,MSA
صغيرة,MSA
صفر,MSA
صلاح,MSA
صنع,MSA
صوت,MSA
صوتك,MSA
صوته,MSA
صوتها,MSA
صوتو,TN
صورة,MSA
ضامر,TN
ضايع,TN
ضحك,MSA
ضحكتها,MSA
ضد,MSA
ضرب,MSA
ضعف,MSA
ضعيفة,MSA
ضمار,TN
ضيوف,MSA
ضيوفك,MSA
ضيوفه,MSA
طاح,TN
طالع,MSA
طاهر,MSA
طبعا,MSA
طبيب,MSA
طحان,TN
طحانة,TN
طحت,TN
طحين,MSA
طرف,MSA
طريق,MSA
طريقة,MSA
طز,TN
طفل,MSA
طفلة,MSA
طلع,MSA
طلعت,MSA
طول,MSA
طويل,MSA
طويلة,MSA
طيار,MSA
طيارة,TN
طيب,MSA
طيبة,MSA
طيبه,MSA
طيح,TN
ظاهر,MSA
ظهر,MSA
ظهرت,MSA
ظهور,MSA
عائلة,MSA
عاجبو,TN
عاجل,MSA
عاد,MSA
عادش,TN
عادي,MSA
عادية,MSA
عار,MSA
عارف,MSA
عالحيط,TN
عالم,MSA
عالمي,MSA
عالمية,MSA
عالي,MSA
عالية,MSA
عام,MSA
عامة,MSA
عامل,MSA
عاملة,MSA
عاملين,MSA
عاهرات,MSA
عاهرة,MSA
عايش,TN
عايشة,TN
عايشين,TN
عايلات,TN
عايلة,TN
عايلتو,TN
عباد,MSA
عبد,MSA
عبدك,MSA
عبر,MSA
عبرة,MSA
عبير,MSA
عجبتني,TN
عجبني,TN
عدة,MSA
عدد,MSA
عدم,MSA
عدو,MSA
عديم,MSA
عربي,MSA
عربية,MSA
عرض,MSA
عرفت,MSA
عز,MSA
عزوزة,TN
عسسل,TN
عسل,MSA
عسلة,TN
عسولة,TN
عشرة,MSA
عصبة,MSA
عصر,MSA
عظيم,MSA
عظيمة,MSA
عفوية,MSA
عقلية,MSA
عكس,MSA
عل,TN
علا,TN
علاش,TN
علاقة,MSA
علاه,TN
علاها,TN
علخر,TN
علم,MSA
علها,MSA
على,MSA
علي,MSA
عليا,TN
عليك,MSA
عليكم,MSA
علينا,MSA
عليه,MSA
عليها,MSA
عليهم,MSA
عم,MSA
عمارة,MSA
عمال,MSA
عمر,MSA
عمرك,MSA
عمرنا,MSA
عمره,MSA
عمرها,MSA
عمرو,TN
عمري,MSA
عمل,MSA
عملت,MSA
عملتها,MSA
عملتو,TN
عملك,MSA
عملو,TN
عمي,MSA
عميل,MSA
عن,MSA
عنا,TN
عناء,MSA
عند,MSA
عندك,MSA
عندكم,MSA
عندما,MSA
عندنا,MSA
عنده,MSA
عندها,MSA
عندهم,MSA
عندو,TN
عندوا,TN
عندوش,TN
عندي,MSA
عنك,MSA
عنه,MSA
عنها,MSA
عنهم,MSA
عنوان,MSA
عهد,MSA
عودة,MSA
عوض,MSA
عونك,MSA
عيب,MSA
عيد,MSA
عيش,TN
عين,MSA
عيني,MSA
عينيك,MSA
غادي,TN
غالب,MSA
غالط,TN
غالطة,TN
غالي,MSA
غبي,MSA
غدوة,TN
غربية,MSA
غريب,MSA
غريبة,MSA
غلاء,MSA
غلط,MSA
غلطة,MSA
غلطت,MSA
غير,MSA
غيرك,MSA
غيرها,MSA
غيرهم,MSA
فارغ,MSA
فارغة,MSA
فاسد,MSA
فاسدة,MSA
فاش,TN
فاشل,MSA
فاشلة,MSA
فانت,MSA
فاهم,MSA
فاهمة,MSA
فاهمين,MSA
فتاة,MSA
فتح,MSA
فخر,MSA
فرخ,TN
فردا,MSA
فرصة,MSA
فرق,MSA
فرنك,TN
فريق,MSA
فساد,MSA
فسدت,MSA
فضايح,TN
فضحتنا,MSA
فضحتونا,MSA
فضلكم,MSA
فضيحة,MSA
فضيل,MSA
فطوركم,MSA
فعل,MSA
فعلا,MSA
فقد,MSA
فقط,MSA
فكاهي,MSA
فكر,MSA
فكرة,MSA
فلا,MSA
فلة,MSA
فلوس,MSA
فلي,TN
فم,MSA
فما,MSA
فماش,TN
فمة,TN
فمك,MSA
فمها,MSA
فن,MSA
فنان,MSA
فنانة,MSA
فنانين,MSA
فها,TN
فهذا,MSA
فهم,MSA
فهمت,MSA
فهمتش,TN
فهو,MSA
فهي,MSA
فور,MSA
فوق,MSA
فى,MSA
في,MSA
فيا,TN
فيديو,TN
فيسع,TN
فيق,TN
فيك,MSA
فيكم,MSA
فيلم,MSA
فيما,MSA
فين,TN
فينا,TN
فيه,MSA
فيها,MSA
فيهم,MSA
قاتل,MSA
قادر,MSA
قادرة,MSA
قاضي,MSA
قاعد,TN
قاعدة,MSA
قاعدين,MSA
قال,MSA
قالت,MSA
قالك,TN
قالها,MSA
قالو,TN
قالولي,TN
قالي,TN
قام,MSA
قانون,MSA
قبل,MSA
قبي,TN
قتل,MSA
قتلو,TN
قحاب,TN
قحب,TN
قحبة,TN
قد,MSA
قداش,TN
قداكش,TN
قدام,TN
قداه,TN
قدر,MSA
قدرة,MSA
قدرك,MSA
قدم,MSA
قدوة,MSA
قرار,MSA
قرد,MSA
قريب,MSA
قريت,TN
قش,TN
قصة,MSA
قضايا,MSA
قضية,MSA
قطر,MSA
قعد,TN
قعر,MSA
قفة,MSA
قل,MSA
قلب,MSA
قلبك,MSA
قلبها,MSA
قلبو,TN
قلبي,MSA
قلة,MSA
قلت,MSA
قلو,TN
قلوب,MSA
قلوبنا,MSA
قليل,MSA
قليلة,MSA
قمة,MSA
قمت,MSA
قناة,MSA
قناتكم,MSA
قناه,MSA
قهوة,MSA
قواد,MSA
قواعد,MSA
قوة,MSA
قول,MSA
قوم,MSA
قوي,MSA
قوية,MSA
قيادة,MSA
قيم,MSA
قيمة,MSA
كارثة,MSA
كاريزما,TN
كافر,MSA
كالعادة,MSA
كامل,MSA
كاملة,MSA
كان,MSA
كانت,MSA
كانو,TN
كبار,MSA
كبر,MSA
كبرت,MSA
كبير,MSA
كبيرة,MSA
كتاب,MSA
كتب,MSA
كثر,MSA
كثرت,MSA
كثرلها,TN
كثير,MSA
كثيرا,MSA
كذا,MSA
كذاب,MSA
كذب,MSA
كذبة,MSA
كذلك,MSA
كراكوز,TN
كرامة,MSA
كرسي,MSA
كركوز,TN
كرمك,MSA
كره,MSA
كرهت,MSA
كرهتونا,MSA
كرهنا,MSA
كريم,MSA
كعبة,TN
كفاش,TN
كل,MSA
كلاب,MSA
كلاس,TN
كلام,MSA
كلامك,MSA
كلامه,MSA
كلامها,MSA
كلامو,TN
كلامي,MSA
كلب,MSA
كلبة,MSA
كلكم,MSA
كلمات,MSA
كلمة,MSA
كلمتين,MSA
كلنا,MSA
كله,MSA
كلها,MSA
كلهم,MSA
كلو,TN
كم,MSA
كما,MSA
كمال,MSA
كمشة,TN
كمل,TN
كن,MSA
كنا,MSA
كنت,MSA
كوارث,MSA
كوميدي,MSA
كون,MSA
كي,MSA
كيف,MSA
كيفاش,TN
كيفاه,TN
كيفك,TN
كيفكم,TN
كيفها,MSA
كيفو,TN
كيما,TN
لا,MSA
لاباس,MSA
لابد,MSA
لاخر,TN
لازم,MSA
لاسط,TN
لاسطة,TN
لاصط,TN
لاكن,TN
لان,MSA
لانك,MSA
لانه,MSA
لانها,MSA
لانهم,MSA
لانو,TN
لباس,MSA
لبرنامجك,MSA
لبعض,MSA
لبلاد,MSA
لبنات,MSA
لتوا,TN
لحاس,TN
لحد,MSA
لحكاية,TN
لخر,TN
لدى,MSA
لدينا,MSA
لذا,MSA
لربي,TN
لسان,MSA
لسانو,TN
لست,MSA
لشعب,MSA
لطف,MSA
لطيف,MSA
لعب,MSA
لعباد,TN
لعزيزة,TN
لعنة,MSA
لغة,MSA
لقد,MSA
لقطة,MSA
لقناة,MSA
لقيت,MSA
لك,MSA
لكل,MSA
لكلام,MSA
لكلها,TN
لكم,MSA
لكن,MSA
لكنه,MSA
لكي,MSA
للارهاب,MSA
للاسف,MSA
للبرنامج,MSA
للبلاد,MSA
للجميع,MSA
للشعب,MSA
للعباد,MSA
للغاية,MSA
للفساد,MSA
للقلب,MSA
للمراة,MSA
للناس,MSA
لله,MSA
للهاوية,TN
للي,TN
لم,MSA
لما,MSA
لماذا,MSA
لمدة,MSA
لمعلم,TN
لمن,MSA
لن,MSA
لنا,MSA
لناس,TN
له,MSA
لها,MSA
لهاتة,TN
لهذا,MSA
لهذه,MSA
لهم,MSA
لو,MSA
لوح,MSA
لوكان,TN
لولا,MSA
لولاد,TN
لي,MSA
ليا,TN
ليت,MSA
ليس,MSA
ليست,MSA
ليك,TN
ليكم,TN
ليلة,MSA
لين,MSA
لينا,TN
ليه,TN
ليها,TN
ليهم,TN
ليوم,MSA
ما,MSA
ماء,MSA
مااسط,TN
مات,MSA
ماحلاها,TN
ماد,TN
مادام,MSA
ماذا,MSA
مارك,TN
مازال,TN
مازلت,MSA
ماسط,TN
ماسطة,TN
ماسطه,TN
ماسطين,TN
ماسيخ,TN
ماشاء,MSA
ماشي,TN
ماشية,MSA
ماشين,TN
ماصت,TN
ماصط,TN
ماصطة,TN
ماعادش,TN
ماعندوش,TN
مافماش,TN
مافهمتش,TN
ماك,TN
ماكش,TN
مالا,TN
ماللخر,TN
ماما,TN
مانقلك,TN
مانيش,TN
ماهو,TN
ماهوش,TN
ماهيش,TN
ماو,TN
مايعجبنيش,TN
مبادرة,MSA
مبارك,MSA
مباشرة,MSA
مبدع,MSA
مبدعة,MSA
مبروك,MSA
مبعد,TN
متاع,MSA
متاعك,TN
متاعكم,MSA
متاعنا,MSA
متاعها,MSA
متاعو,TN
متاعي,TN
متالق,MSA
متالقة,MSA
متثقف,MSA
متحجبة,MSA
متحيل,MSA
متخلف,MSA
متربي,MSA
متربية,MSA
متع,TN
متعرفش,TN
متميز,MSA
متميزة,MSA
مثال,MSA
مثقف,MSA
مثقفة,MSA
مثقفين,MSA
مثل,MSA
مثلا,MSA
مثلك,MSA
مثلي,MSA
مجتمع,MSA
مجتمعنا,MSA
مجرد,MSA
مجرم,MSA
مجموعة,MSA
مجهود,MSA
محاربة,MSA
محبة,MSA
محبوب,MSA
محترف,MSA
محترم,MSA
محترمة,MSA
محرم,MSA
محلا,TN
محلاك,TN
محلاكم,MSA
محلاه,MSA
محلاها,TN
محلاهاا,TN
محلاهم,TN
محلك,TN
محله,MSA
محلها,TN
محلى,TN
مخرج,MSA
مخلوق,MSA
مخو,TN
مخيب,MSA
مخيبك,TN
مخيبها,TN
مخيبو,TN
مدام,TN
مدة,MSA
مدرسة,MSA
مذيع,MSA
مرا,TN
مراة,MSA
مرة,MSA
مرت,TN
مرتزقة,MSA
مرتك,TN
مرتو,TN
مرحبا,MSA
مرزن,TN
مرزنك,TN
مرسي,TN
مرض,MSA
مريض,MSA
مريضة,MSA
مزال,TN
مزالت,TN
مزبلة,MSA
مزيان,TN
مزيانة,TN
مزية,TN
مزيد,MSA
مزيدا,MSA
مسؤول,MSA
مسؤولية,MSA
مساء,MSA
مساطة,TN
مساكن,MSA
مستحيل,MSA
مستدعيه,TN
مستقبل,MSA
مستواك,MSA
مستواه,MSA
مستوى,MSA
مستوي,MSA
مستويات,MSA
مسخ,TN
مسخة,TN
مسخين,TN
مسرحي,MSA
مسرحية,MSA
مسكين,MSA
مسكينة,MSA
مسلسل,MSA
مسلسلات,MSA
مسلم,MSA
مسلمة,MSA
مسلمين,MSA
مش,TN
مشا,TN
مشاء,TN
مشات,TN
مشاكل,MSA
مشاهدة,MSA
مشروع,MSA
مشكل,MSA
مشكلة,MSA
مشي,TN
مشيت,MSA
مصاب,MSA
مصباح,MSA
مصر,MSA
مصلحة,MSA
مصيبة,MSA
مضروبة,MSA
مع,MSA
معا,MSA
معادش,TN
معاك,TN
معاكم,TN
معانا,TN
معاه,TN
معاها,TN
معاهم,TN
معايا,TN
معبي,TN
معجبتنيش,TN
معجبنيش,TN
معذبهم,MSA
معرس,TN
معروف,MSA
معقد,MSA
معقول,MSA
معك,MSA
معكم,MSA
معل,TN
معللم,TN
معلم,MSA
معلمة,MSA
معنا,MSA
معناها,MSA
معندوش,TN
معنى,MSA
معني,MSA
معه,MSA
معي,MSA
مفسد,MSA
مفماش,TN
مفهمتش,TN
مفيدة,MSA
مقبول,MSA
مقبولة,MSA
مقدم,MSA
مقرف,MSA
مقزز,MSA
مقنع,MSA
مكان,MSA
مكياج,TN
ملا,TN
ملائكة,MSA
ملاح,MSA
ملايكتو,TN
ملة,MSA
ملخر,TN
ملف,MSA
ملك,MSA
ملهط,TN
ملى,TN
ملي,TN
مليح,MSA
مليون,MSA
مما,MSA
ممتاز,MSA
ممتازة,MSA
ممثل,MSA
ممثلة,MSA
ممثله,MSA
ممثلين,MSA
ممسط,TN
ممسطك,TN
ممسطها,TN
ممسطو,TN
ممسطوو,TN
ممصتو,TN
ممكن,MSA
من,MSA
منا,TN
منازع,MSA
مناظر,MSA
منافق,MSA
منافقين,MSA
منال,MSA
منحط,MSA
منحطة,MSA
منذ,MSA
منشط,MSA
منصب,MSA
منضر,TN
منطق,MSA
منطقي,MSA
منظر,MSA
منظرك,MSA
منغير,TN
منقلك,TN
منك,MSA
منكم,MSA
منه,MSA
منها,MSA
منهم,MSA
منو,TN
منوا,TN
منور,MSA
منورة,MSA
منورين,TN
مني,MSA
منيش,TN
منيك,TN
منين,TN
مهبول,TN
مهبولة,TN
مهدي,MSA
مهرج,MSA
مهزلة,MSA
مهم,MSA
مهما,MSA
مهوش,TN
مهيش,TN
مواضيع,MSA
مواطن,MSA
موافقني,MSA
مواقف,MSA
موبن,TN
موت,MSA
موجود,MSA
موجودة,MSA
موزون,MSA
موش,TN
موضوع,MSA
موفق,MSA
موقف,MSA
موقفك,MSA
موهر,TN
موهوب,MSA
ميبون,TN
ميت,MSA
ميدان,MSA
ميساج,TN
ميسالش,TN
نا,TN
ناتن,TN
ناجح,MSA
ناجحة,MSA
نادرة,MSA
ناري,MSA
ناس,MSA
ناقشوا,MSA
ناقص,MSA
ناقصة,MSA
ناقصين,MSA
نبارة,TN
نبيلة,MSA
نتابع,MSA
نتاع,TN
نتبع,MSA
نتعلم,MSA
نتفرج,MSA
نتفرجو,TN
نتمنى,MSA
نتمني,MSA
نجاح,MSA
نجح,MSA
نجم,TN
نجمة,MSA
نجوم,MSA
نحب,MSA
نحبك,MSA
نحبكم,MSA
نحبها,MSA
نحبو,TN
نحبوا,TN
نحبوك,TN
نحبوكم,TN
نحترمك,MSA
نحسها,TN
نحكي,MSA
نحن,MSA
نحنا,TN
نحو,TN
نحي,TN
نداء,MSA
نراك,TN
نربح,MSA
نرمال,TN
نزيه,MSA
نساء,MSA
نسب,MSA
نسبة,MSA
نستنى,TN
نسمة,MSA
نسمع,MSA
نسمعو,TN
نسيبتي,TN
نسيت,MSA
نشاء,MSA
نشاالله,TN
نشارك,MSA
نشالله,TN
نشاله,TN
نشد,MSA
نشر,MSA
نشكر,MSA
نشوف,MSA
نشوفك,TN
نشوفو,TN
نشوفوا,TN
نص,TN
نصب,MSA
نصر,MSA
نصف,MSA
نصيحة,MSA
نظام,MSA
نظيف,MSA
نظيفة,MSA
نعرف,MSA
نعرفها,MSA
نعرفو,TN
نعشق,MSA
نعلة,TN
نعلم,MSA
نعم,MSA
نعمة,MSA
نعمل,MSA
نعيش,MSA
نفاق,MSA
نفس,MSA
نفساني,MSA
نفسك,MSA
نفسه,MSA
نفسي,MSA
نفسيا,MSA
نفهم,MSA
نقص,MSA
نقصو,TN
نقصوا,TN
نقطة,MSA
نقلك,TN
نقلها,TN
نقول,MSA
نقولك,TN
نقوللها,TN
نقولها,MSA
نقيب,MSA
نكرة,MSA
نكره,MSA
نكرها,TN
نكرهك,MSA
نكرهو,TN
نلوم,MSA
نموت,MSA
نموذج,MSA
نمووت,TN
ننسى,MSA
ننصحك,MSA
نهار,MSA
نهارك,MSA
نهاية,MSA
نهضاوي,TN
نواب,MSA
نور,MSA
نورمال,TN
نوع,MSA
نيك,TN
هؤلاء,MSA
ها,TN
هاتف,MSA
هاته,MSA
هاجر,MSA
هادي,MSA
هاذا,TN
هاذم,TN
هاذي,TN
هاك,TN
هاكا,TN
هاكي,TN
هالبلاد,TN
هالشهر,TN
هالقناة,TN
هالمارك,TN
هالمسلسل,TN
هامل,TN
هاني,MSA
هاو,TN
هاي,TN
هايل,TN
هدا,MSA
هدي,MSA
هذا,MSA
هذاك,TN
هذاكا,TN
هذه,MSA
هذوما,TN
هذي,TN
هذيك,TN
هذيكا,TN
هز,TN
هك,TN
هكا,TN
هكة,TN
هكذا,MSA
هل,MSA
هم,MSA
هما,MSA
همل,TN
هنا,MSA
هناك,MSA
هه,TN
هو,MSA
هوا,TN
هوما,TN
هي,MSA
هيئة,MSA
هيا,TN
وابن,MSA
واحترام,MSA
واحد,MSA
واحدة,MSA
واحلا,TN
واحنا,TN
واذا,MSA
وارجع,MSA
واش,TN
واصل,MSA
واصلوا,MSA
واضح,MSA
واضحة,MSA
واطي,TN
واعي,MSA
والا,MSA
والاحترام,MSA
والتقدير,MSA
والتي,MSA
والثقافة,MSA
والحق,MSA
والديك,MSA
والديكم,MSA
والدين,MSA
والديه,MSA
والشعب,MSA
والعباد,MSA
والعيب,MSA
والفاهم,MSA
والفساد,MSA
والله,MSA
واللي,TN
والناس,MSA
والنجاح,MSA
والو,TN
والى,TN
والي,MSA
واليوم,MSA
وامثالك,MSA
وان,MSA
وانا,MSA
وانت,MSA
وانتم,MSA
وانتي,TN
وانشاء,TN
واو,TN
وبربي,TN
وبش,TN
وبعد,MSA
وبين,MSA
وتافه,MSA
وتحب,MSA
وتقدير,MSA
وتقول,MSA
وتكون,MSA
وتوا,TN
وجه,MSA
وجها,MSA
وجهة,MSA
وجهك,MSA
وجهه,MSA
وجهو,TN
وجود,MSA
وجوه,MSA
وجوهكم,MSA
وجيهة,MSA
وحتى,MSA
وحد,TN
وحدة,MSA
وحدك,MSA
وحده,MSA
وحدها,MSA
وحدو,TN
وحدي,MSA
وخاصة,MSA
وخي,TN
وخيتي,TN
وديما,TN
وذني,TN
وراء,MSA
وراك,TN
ورب,MSA
وربي,MSA
ورجال,MSA
ورد,MSA
وزارة,MSA
وزيد,TN
وزير,MSA
وسخ,MSA
وسط,MSA
وسيد,MSA
وش,TN
وشكرا,MSA
وشمس,MSA
وشوف,TN
وصل,MSA
وصلنا,MSA
وضع,MSA
وطن,MSA
وطني,MSA
وعار,MSA
وعلاش,TN
وعلى,MSA
وعلي,MSA
وعليها,MSA
وعن,MSA
وعندو,TN
وعين,MSA
وغير,MSA
وفات,TN
وفقك,MSA
وفي,MSA
وقاحة,MSA
وقت,MSA
وقتاش,TN
وقتلي,TN
وقتها,MSA
وقلة,MSA
وكان,MSA
وكانت,MSA
وكريم,MSA
وكل,MSA
وكيف,MSA
ولا,MSA
ولات,TN
ولاد,TN
ولاية,MSA
ولد,MSA
ولدو,TN
ولدي,MSA
ولكن,MSA
ولله,MSA
ولم,MSA
ولن,MSA
ولو,MSA
ولى,MSA
ولي,TN
وليت,MSA
وليس,MSA
وما,MSA
وماسط,TN
ومثقف,MSA
ومش,TN
وملا,TN
ومن,MSA
ومنحط,MSA
وموش,TN
وناس,MSA
ونتمنى,MSA
ونتي,TN
ونحب,MSA
ونحن,MSA
ونشالله,TN
ونص,TN
ونعم,MSA
وه,TN
وهذا,MSA
وهذه,MSA
وهرة,TN
وهف,TN
وهم,MSA
وهو,MSA
وهوما,TN
وهي,MSA
وهيا,TN
ووه,TN
ويا,MSA
وياسر,TN
ويحب,MSA
ويحكي,MSA
ويحميك,MSA
ويرجع,MSA
ويعجبني,MSA
ويعرف,MSA
ويعطيك,MSA
ويقول,MSA
وين,TN
وينك,TN
وينو,TN
ويني,TN
يا,MSA
يااسر,TN
ياتي,MSA
ياخي,TN
يارب,MSA
ياربي,MSA
ياريت,TN
ياسر,TN
ياسي,TN
ياسيدي,MSA
ياشيخ,MSA
ياولد,MSA
يبارك,MSA
يباركلك,TN
يبان,MSA
يبدا,MSA
يبدو,MSA
يبقاو,TN
يبقى,MSA
يبقي,MSA
يبكي,MSA
يتفرج,MSA
يتفرجو,TN
يتكلم,MSA
يتم,MSA
يتوب,MSA
يجب,MSA
يجري,MSA
يجي,TN
يجيب,MSA
يجيبو,TN
يجيك,TN
يحب,MSA
يحبك,MSA
يحبو,TN
يحبوا,MSA
يحترم,MSA
يحس,MSA
يحسب,MSA
يحسن,MSA
يحشم,TN
يحفضك,MSA
يحفضكم,MSA
يحفضهم,MSA
يحفظ,MSA
يحفظك,MSA
يحفظكم,MSA
يحفظها,MSA
يحفظهم,MSA
يحكم,MSA
يحكي,MSA
يحكيو,TN
يحميك,MSA
يحميهم,MSA
يخاف,MSA
يخدم,MSA
يخدمو,TN
يخرج,MSA
يخص,MSA
يخلي,TN
يخليك,TN
يخي,TN
يد,MSA
يدافع,MSA
يدخل,MSA
يدعي,MSA
يدفع,MSA
يدك,MSA
يدل,MSA
يدور,MSA
يدوم,MSA
يدير,MSA
يرجع,MSA
يرحم,MSA
يرحمك,MSA
يرحمها,MSA
يرحمو,TN
يريد,MSA
يزي,TN
يزيد,MSA
يزيدو,TN
يزينا,TN
يزيو,TN
يسب,MSA
يستاهل,MSA
يستحق,MSA
يستر,MSA
يسترك,MSA
يسترنا,MSA
يسر,MSA
يسلم,MSA
يسمع,MSA
يسمى,MSA
يشد,MSA
يشرب,MSA
يشفيه,MSA
يشفيها,MSA
يشوف,TN
يصلح,MSA
يصير,TN
يضحك,MSA
يضحكني,MSA
يضرب,MSA
يطلع,MSA
يطول,MSA
يطيح,TN
يظهر,MSA
يعاونك,MSA
يعتيك,MSA
يعجبني,MSA
يعجبنيش,TN
يعرف,MSA
يعرفش,TN
يعرفو,TN
يعرفوه,TN
يعطك,MSA
يعطي,MSA
يعطيك,MSA
يعطيكم,MSA
يعطيه,TN
يعطيها,MSA
يعطيهم,MSA
يعلم,MSA
يعمل,MSA
يعملو,TN
يعني,MSA
يعود,MSA
يعيش,MSA
يعيف,TN
يعينك,MSA
يعينو,TN
يغني,MSA
يفدد,TN
يفرج,TN
يفهم,MSA
يقبل,MSA
يقتل,MSA
يقدر,MSA
يقدم,MSA
يقعد,MSA
يقلك,TN
يقود,MSA
يقول,MSA
يقولو,TN
يقولوا,MSA
يقوم,MSA
يكب,MSA
يكثر,MSA
يكذب,MSA
يكفي,MSA
يكن,MSA
يكون,MSA
يكونو,TN
يلزم,MSA
يلعن,MSA
يلقى,MSA
يلم,MSA
يلي,TN
يليق,MSA
يمثل,MSA
يمشي,MSA
يمكن,MSA
يموت,MSA
يناقش,MSA
ينتقم,MSA
ينجح,MSA
ينجم,MSA
ينصرك,MSA
يهبل,TN
يهدي,MSA
يهديك,MSA
يهديكم,MSA
يهدينا,MSA
يهديه,MSA
يهز,TN
يهزك,TN
يهلك,MSA
يهلكم,TN
يهلكهم,MSA
يهم,MSA
يهمك,MSA
يوصل,MSA
يوفقك,MSA
يوفقكم,MSA
يوفقها,MSA
يوفقو,TN
يولد,MSA
يولي,TN
يوم,MSA
يوما,MSA
